2012/6/24,0,5.1,77
2012/6/25,0,8.1,76
2012/6/26,0,14,69
2012/6/27,0,13.9,60
2012/6/28,0,13.9,48
2012/6/29,0,13.5,58
2012/6/30,0,12.7,60
2012/7/1,0,7.5,54
2012/7/2,0,0.5,75
2012/7/3,0,6.1,74
2012/7/4,0,1.2,77
2012/7/5,15,1.4,81
2012/7/6,0,10.1,80
2012/7/7,0,8.9,74
2012/7/8,0.5,3.7,77
2012/7/9,2.5,0,84
2012/7/10,0,5.9,77
2012/7/11,0.5,9.8,73
2012/7/12,63,0,93
2012/7/13,0,4.7,76
2012/7/14,0,3.5,78
2012/7/15,0,9.3,75
2012/7/16,0,3.8,80
2012/7/17,0,13.1,73
2012/7/18,0,10.9,69
2012/7/19,0,12.4,65
2012/7/20,0,13.9,68
2012/7/21,0,10.4,71
2012/7/22,0,2,73
2012/7/23,0,12.1,71
2012/7/24,0,4.7,75
2012/7/25,0,6.9,77
2012/7/26,0,7.4,81
2012/7/27,0,10.1,67
2012/7/28,0,4.2,69
2012/7/29,0,8.4,72
2012/7/30,0,10.7,67
2012/7/31,0,2,74
2012/8/1,15.5,0,87
2012/8/2,0,2.4,82
2012/8/3,0,3.8,75
2012/8/4,0,1.2,73
2012/8/5,5.5,0,84
2012/8/6,2.5,2.6,84
2012/8/7,0,8.7,71
2012/8/8,0,7.6,73
2012/8/9,0,11.3,67
2012/8/10,9,1.5,79
2012/8/11,0,2.1,80
2012/8/12,0,4.1,73
2012/8/13,13.5,0,87
2012/8/14,0,12.1,65
2012/8/15,0,6.1,62
2012/8/16,34,0,87
2012/8/17,1,0,82
2012/8/18,0,2.9,79
2012/8/19,0,5.1,77
2012/8/20,34,0.6,88
2012/8/21,0,11.2,69
2012/8/22,0,11.7,69
2012/8/23,6,0.2,81
2012/8/24,0,0.1,81
2012/8/25,0,5.6,79
2012/8/26,0,4.7,72
2012/8/27,0,10,77
2012/8/28,0,8.4,77
2012/8/29,0,6.2,79
2012/8/30,0,11.6,60
2012/8/31,0,4.9,67
2012/9/1,0,7.5,72
2012/9/2,0,12.2,70
2012/9/3,0,12.2,69
2012/9/4,31.5,8.8,72
2012/9/5,0,9.6,63
2012/9/6,0,0.6,81
2012/9/7,0,11.6,61
2012/9/8,0,10.5,55
2012/9/9,106,0.1,90
2012/9/10,3,0,90
2012/9/11,23,0.2,89
2012/9/12,0.5,5.8,79
2012/9/13,0,9.3,74
2012/9/14,0,9.7,71
2012/9/15,0,7.5,74
2012/9/16,3.5,0.6,82
2012/9/17,0,2.9,80
2012/9/18,0,8.8,76
2012/9/19,4.5,1.3,76
2012/9/20,0,5.3,69
2012/9/21,0,6.5,64
2012/9/22,0,7.6,66
2012/9/23,0,7.8,71
2012/9/24,0,4,70
2012/9/25,12.5,0.9,80
2012/9/26,5.5,6.8,75
2012/9/27,0,0.3,76
2012/9/28,0,4.2,68
2012/9/29,0,3.6,70
2012/9/30,1,0,74
2012/10/1,17.5,2.3,81
2012/10/2,0.5,9.7,72
2012/10/3,0,0.4,78
2012/10/4,0,8.2,73
2012/10/5,0,1.6,70
2012/10/6,2,2.8,69
2012/10/7,0,10.3,56
2012/10/8,0,10,64
2012/10/9,0,10.1,64
2012/10/10,0,4.9,72
2012/10/11,9.5,0.2,80
2012/10/12,0,1.7,68
2012/10/13,5,4,75
2012/10/14,10.5,8.4,76
2012/10/15,1,8.7,60
2012/10/16,0,8.7,55
2012/10/17,10,1.4,79
2012/10/18,0,7.1,56
2012/10/19,1,4.4,55
2012/10/20,1,5,62
2012/10/21,5,2.3,60
2012/10/22,0.5,5.1,59
2012/10/23,12.5,0.2,75
2012/10/24,2,4.6,62
2012/10/25,0.5,6.1,69
2012/10/26,3.5,8.7,69
2012/10/27,0,7.9,74
2012/10/28,9.5,0,75
2012/10/29,18.5,3.9,69
2012/10/30,2,2.4,78
2012/10/31,3,2.1,74
2012/11/1,17,0.8,82
2012/11/2,15.5,0,84
2012/11/3,11.5,2.4,72
2012/11/4,18.5,0.4,81
2012/11/5,0,6.8,73
2012/11/6,5,0,82
2012/11/7,45,0,92
2012/11/8,0,4,84
2012/11/9,2,0,76
2012/11/10,0.5,5.5,61
2012/11/11,0,8.5,65
2012/11/12,10,0.1,82
2012/11/13,0,5,61
2012/11/14,2,0,79
2012/11/15,0,3.3,58
2012/11/16,0,3,62
2012/11/17,9.5,0,85
2012/11/18,40.5,0.1,81
2012/11/19,0,3.1,71
2012/11/20,0.5,2.8,76
2012/11/21,0,8,53
2012/11/22,1.5,1.8,67
2012/11/23,6,2.2,68
2012/11/24,0,6.9,50
2012/11/25,0,4.7,53
2012/11/26,4.5,0,85
2012/11/27,20.5,0,81
2012/11/28,5.5,7.2,72
2012/11/29,2.5,2.2,62
2012/11/30,1,0.7,80
2012/12/1,11.5,7.4,61
2012/12/2,4,2.9,74
2012/12/3,0.5,5.2,69
2012/12/4,22,0,78
2012/12/5,1.5,0.4,62
2012/12/6,12,0.3,64
2012/12/7,1.5,1.1,62
2012/12/8,26,0,70
2012/12/9,0.5,0.2,60
2012/12/10,0,0,69
2012/12/11,16.5,0.1,86
2012/12/12,28.5,0.4,86
2012/12/13,1.5,6.2,74
2012/12/14,3,0.3,74
2012/12/15,1,0,69
2012/12/16,13.5,0.2,85
2012/12/17,1,2.6,63
2012/12/18,27,0,88
2012/12/19,1,4.8,59
2012/12/20,0,6.2,59
2012/12/21,0,5.2,53
2012/12/22,4,0.1,77
2012/12/23,4.5,6.8,68
2012/12/24,4,2.2,80
2012/12/25,2.5,3.1,69
2012/12/26,9.5,2.8,62
2012/12/27,1,1.4,59
2012/12/28,0,6.4,54
2012/12/29,0,3.3,62
2012/12/30,9,0,79
2012/12/31,2,0.9,68
2013/1/1,0.5,1.2,64
2013/1/2,2,4.3,67
2013/1/3,0,8.2,42
2013/1/4,1,6.6,54
2013/1/5,0.5,6.6,58
2013/1/6,3,2.3,67
2013/1/7,0,3.3,58
2013/1/8,0,8,54
2013/1/9,0,4.2,61
2013/1/10,0,6,52
2013/1/11,0,4.7,59
2013/1/12,0.5,0.3,71
2013/1/13,3.5,8.4,57
2013/1/14,0,2,64
2013/1/15,8,0,74
2013/1/16,1,6.3,70
2013/1/17,6.5,4.5,73
2013/1/18,10.5,2.4,74
2013/1/19,5.5,0.7,75
2013/1/20,18,0.2,84
2013/1/21,3.5,0,79
2013/1/22,0,6.3,69
2013/1/23,2,7.4,75
2013/1/24,6.5,4.1,72
2013/1/25,8.5,0.1,67
2013/1/26,0,0,59
2013/1/27,4.5,1.3,77
2013/1/28,1,7.7,72
2013/1/29,9,3.3,78
2013/1/30,5.5,0,79
2013/1/31,0.5,0.8,79
2013/2/1,0,0.2,72
2013/2/2,1,6.9,64
2013/2/3,0.5,4.3,62
2013/2/4,4,1.6,72
2013/2/5,6,5.5,56
2013/2/6,0,2.6,61
2013/2/7,14.5,0,77
2013/2/8,8.5,0.8,78
2013/2/9,4.5,4.4,73
2013/2/10,0,2.9,70
2013/2/11,0.5,2.7,71
2013/2/12,0,2.9,72
2013/2/13,0,8.8,70
2013/2/14,7,1.5,82
2013/2/15,0.5,7.4,61
2013/2/16,16.5,2.1,77
2013/2/17,10,3.8,69
2013/2/18,6,0,82
2013/2/19,3,2.9,75
2013/2/20,1,6.4,58
2013/2/21,6,6.6,59
2013/2/22,0.5,3,62
2013/2/23,0,8.4,58
2013/2/24,10.5,0,77
2013/2/25,12,8,71
2013/2/26,0.5,7.6,54
2013/2/27,0,6.2,65
2013/2/28,4,3.6,69
2013/3/1,4.5,0,79
2013/3/2,11,1.5,78
2013/3/3,6,0.5,73
2013/3/4,1,4.6,77
2013/3/5,0,5.1,66
2013/3/6,8.5,0.8,71
2013/3/7,1,0.8,76
2013/3/8,7.5,3.6,76
2013/3/9,13.5,2.5,72
2013/3/10,9.5,1.1,69
2013/3/11,4,5,61
2013/3/12,0,0.3,65
2013/3/13,10,0,84
2013/3/14,1,7.3,56
2013/3/15,0,3.7,59
2013/3/16,5.5,0.6,72
2013/3/17,0,8,58
2013/3/18,3,0,76
2013/3/19,0,7,64
2013/3/20,11.5,0,74
2013/3/21,7,4.5,66
2013/3/22,2.5,4.2,70
2013/3/23,0.5,6.6,55
2013/3/24,0,6.2,56
2013/3/25,0,9.9,58
2013/3/26,0.5,6.2,66
2013/3/27,0,9.9,54
2013/3/28,0,2.9,80
2013/3/29,0,3.3,60
2013/3/30,0,3.6,60
2013/3/31,0,6.4,52
2013/4/1,0,9.2,48
2013/4/2,0,4.1,64
2013/4/3,0.5,2.3,74
2013/4/4,0,10,56
2013/4/5,0,8.7,58
2013/4/6,1.5,1,65
2013/4/7,59.5,0.1,90
2013/4/8,2,2.9,61
2013/4/9,2.5,5.8,59
2013/4/10,1,4.5,59
2013/4/11,1,6.8,60
2013/4/12,4.5,3.4,71
2013/4/13,0.5,1.8,52
2013/4/14,4.5,4.3,68
2013/4/15,0.5,9.1,46
2013/4/16,0,5.9,51
2013/4/17,1,0.1,81
2013/4/18,1.5,2.9,71
2013/4/19,10.5,4,76
2013/4/20,1,7.7,57
2013/4/21,0,6.9,49
2013/4/22,0,10.8,45
2013/4/23,0,12,45
2013/4/24,3,0.5,59
2013/4/25,0,0.9,64
2013/4/26,2,0.5,72
2013/4/27,3.5,0,83
2013/4/28,10,0,81
2013/4/29,1.5,1.8,80
2013/4/30,3,0.1,81
2013/5/1,0.5,0,79
2013/5/2,1.5,1.6,71
2013/5/3,10.5,0,84
2013/5/4,1,0,86
2013/5/5,5,0.8,79
2013/5/6,12.5,0,81
2013/5/7,0,7.5,56
2013/5/8,0,9.6,55
2013/5/9,0,10.2,61
2013/5/10,0,12.1,57
2013/5/11,17,0,77
2013/5/12,0,1.4,79
2013/5/13,0,1.7,76
2013/5/14,0,0.8,79
2013/5/15,5,0,80
2013/5/16,0,6.4,84
2013/5/17,0,10.1,69
2013/5/18,0,6.1,70
2013/5/19,0,6.6,67
2013/5/20,0.5,0,78
2013/5/21,1,6.9,69
2013/5/22,4.5,1.2,81
2013/5/23,1,0,90
2013/5/24,0,8.9,74
2013/5/25,0,0.8,66
2013/5/26,0,12.9,61
2013/5/27,0,10.2,54
2013/5/28,0,5.1,60
2013/5/29,0,0.3,78
2013/5/30,1.5,7.2,71
2013/5/31,0,13.7,52
2013/6/1,0,13.6,56
2013/6/2,0,11,69
2013/6/3,0.5,8.1,76
2013/6/4,0,11.4,74
2013/6/5,0,4.3,79
2013/6/6,0,8,78
2013/6/7,0,12,64
2013/6/8,0,13.8,59
2013/6/9,0,11.7,73
2013/6/10,0,11.8,72
2013/6/11,0,14,67
2013/6/12,0,14,66
2013/6/13,0,13.8,69
2013/6/14,4,0,84
2013/6/15,30.5,5.6,87
2013/6/16,0,5.7,83
2013/6/17,8.5,1,79
2013/6/18,1.5,2.8,81
2013/6/19,0,1.3,86
2013/6/20,0,0.2,87
2013/6/21,0,0,84
2013/6/22,1.5,0.2,89
2013/6/23,0,11.4,70
2013/6/24,0,7.5,73
2013/6/25,0,9.3,75
2013/6/26,0,6.9,81
2013/6/27,15.5,0,91
2013/6/28,0,6.1,76
2013/6/29,0,14,69
2013/6/30,0,13.7,69
2013/7/1,0,11.9,70
2013/7/2,0,10.9,70
2013/7/3,1.5,0,85
2013/7/4,4.5,7.9,80
2013/7/5,0,1.6,83
2013/7/6,0,3.1,80
2013/7/7,0,12.2,78
2013/7/8,0,9.8,74
2013/7/9,0,4.1,76
2013/7/10,12.5,2.6,84
2013/7/11,0,5.3,77
2013/7/12,0,6.8,76
2013/7/13,0,12,70
2013/7/14,0,9.3,74
2013/7/15,0,10.5,76
2013/7/16,0,4.8,79
2013/7/17,0,12.8,73
2013/7/18,0,10.4,63
2013/7/19,0,7,69
2013/7/20,0,11.9,71
2013/7/21,0,12.9,63
2013/7/22,0,4.6,73
2013/7/23,0,12.9,67
2013/7/24,0,8.3,75
2013/7/25,5.5,0.1,80
2013/7/26,0,8,74
2013/7/27,11.5,2.6,77
2013/7/28,4,0,81
2013/7/29,15,1.4,84
2013/7/30,0,7.2,73
2013/7/31,0,2.5,72
2013/8/1,0,1.1,81
2013/8/2,0,9.2,77
2013/8/3,0,4.2,75
2013/8/4,0,7.8,70
2013/8/5,0,9.3,71
2013/8/6,0,10.9,75
2013/8/7,0,7.5,80
2013/8/8,0,1.5,75
2013/8/9,27,0,88
2013/8/10,0,4.3,86
2013/8/11,0,1.1,84
2013/8/12,7,3.2,85
2013/8/13,1,6.5,81
2013/8/14,0,3.6,81
2013/8/15,0,8.5,81
2013/8/16,0,2.3,75
2013/8/17,4.5,0,87
2013/8/18,15,2.3,83
2013/8/19,1,7.1,79
2013/8/20,16,4.7,79
2013/8/21,2,4.1,81
2013/8/22,0,5.6,78
2013/8/23,0,4.4,74
2013/8/24,11,3.6,85
2013/8/25,39.5,3.9,84
2013/8/26,0.5,5.7,74
2013/8/27,21.5,6.9,81
2013/8/28,14,7.2,64
2013/8/29,2,4.7,65
2013/8/30,18,0,91
2013/8/31,3.5,0.8,89
2013/9/1,1,0.9,83
2013/9/2,0,0.5,85
2013/9/3,4.5,0,90
2013/9/4,43,0.6,95
2013/9/5,5,9,62
2013/9/6,4,4.3,79
2013/9/7,0,0.5,83
2013/9/8,0,6.3,78
2013/9/9,0,10,74
2013/9/10,0,8,71
2013/9/11,0,10,76
2013/9/12,0,4.8,77
2013/9/13,0,8.3,60
2013/9/14,15,3.1,84
2013/9/15,29,0,87
2013/9/16,32,0,88
2013/9/17,0,10.1,49
2013/9/18,0,8.3,53
2013/9/19,0,7.7,50
2013/9/20,0,2.1,64
2013/9/21,0,4.8,65
2013/9/22,0,7.7,58
2013/9/23,0,8.2,73
2013/9/24,4.5,1.7,76
2013/9/25,26,0,88
2013/9/26,0,7.1,61
2013/9/27,0,9,59
2013/9/28,0,10.3,63
2013/9/29,0,6.3,71
2013/9/30,9,0,91
2013/10/1,3,0,93
2013/10/2,0,8.8,79
2013/10/3,0,5.9,51
2013/10/4,0,6.9,55
2013/10/5,0,3.9,68
2013/10/6,0,4.8,80
2013/10/7,0,8,79
2013/10/8,0,0.3,65
2013/10/9,1,0,78
2013/10/10,0,10.4,72
2013/10/11,21,0,90
2013/10/12,0.5,6.9,59
2013/10/13,3,3.7,61
2013/10/14,0,6.9,60
2013/10/15,1,0,66
2013/10/16,35,0,72
2013/10/17,10,3.7,65
2013/10/18,0,9.8,61
2013/10/19,0,10,70
2013/10/20,1.5,0.1,77
2013/10/21,3.5,3.8,74
2013/10/22,0,4.6,64
2013/10/23,0,5.2,76
2013/10/24,0,1,76
2013/10/25,17.5,0,90
2013/10/26,3.5,0.8,69
2013/10/27,27,1.2,74
2013/10/28,3.5,3.6,79
2013/10/29,0,3.4,72
2013/10/30,0,3.7,78
2013/10/31,0,7.8,61
2013/11/1,0,4.1,48
2013/11/2,0,4.3,60
2013/11/3,0,1.8,73
2013/11/4,1.5,6.8,71
2013/11/5,0.5,8.2,68
2013/11/6,0.5,0.8,65
2013/11/7,5.5,2.1,76
2013/11/8,41.5,0.1,82
2013/11/9,0,8,57
2013/11/10,15,0.2,64
2013/11/11,4,2.8,65
2013/11/12,0,5.4,62
2013/11/13,0.5,3.3,69
2013/11/14,0,3.2,59
2013/11/15,0.5,0,75
2013/11/16,0,6.8,69
2013/11/17,0,8.7,71
2013/11/18,0.5,0.9,80
2013/11/19,0,0.3,83
2013/11/20,0.5,4.5,62
2013/11/21,3,5.5,66
2013/11/22,0.5,2.5,70
2013/11/23,0.5,0.9,70
2013/11/24,0,2.6,65
2013/11/25,18.5,0.2,75
2013/11/26,2,2.6,52
2013/11/27,1,3.8,65
2013/11/28,17,0.7,79
2013/11/29,0.5,7.3,64
2013/11/30,2.5,0.3,69
2013/12/1,0,1.2,62
2013/12/2,1.5,3.3,80
2013/12/3,1,0.9,76
2013/12/4,0.5,1.1,67
2013/12/5,0,4.5,63
2013/12/6,0,1.1,75
2013/12/7,1,6.5,61
2013/12/8,1,4.3,64
2013/12/9,0.5,3,59
2013/12/10,7,0,90
2013/12/11,8,3.7,64
2013/12/12,1,2.4,66
2013/12/13,16,0,81
2013/12/14,0.5,7.3,52
2013/12/15,8.5,0.9,78
2013/12/16,4.5,0.9,75
2013/12/17,0,5.1,66
2013/12/18,0,2,70
2013/12/19,0,5.4,67
2013/12/20,0,2.7,61
2013/12/21,0,1.1,55
2013/12/22,27,0.1,77
2013/12/23,4,0,83
2013/12/24,0,5.9,69
2013/12/25,4.5,0.8,74
2013/12/26,3,3.2,67
2013/12/27,3.5,1.5,76
2013/12/28,13.5,0,76
2013/12/29,6,3,72
2013/12/30,11.5,0,88
2013/12/31,0,3.3,71
2014/1/1,13.5,1.5,82
2014/1/2,4,1.1,66
2014/1/3,1,1.7,70
2014/1/4,17.5,3.6,73
2014/1/5,3,3.2,73
2014/1/6,1,3.4,67
2014/1/7,0,2.2,61
2014/1/8,3,0.4,73
2014/1/9,1,3.5,56
2014/1/10,0,6.2,47
2014/1/11,0,1.4,59
2014/1/12,5,0,74
2014/1/13,7,3.4,65
2014/1/14,0.5,6.4,55
2014/1/15,0,5.2,64
2014/1/16,0.5,7.3,62
2014/1/17,7.5,1.4,78
2014/1/18,0,2.6,68
2014/1/19,2.5,2.8,75
2014/1/20,1.5,4.1,74
2014/1/21,4.5,2.3,80
2014/1/22,6.5,2.3,75
2014/1/23,4,2.5,75
2014/1/24,0.5,0.2,82
2014/1/25,0,2.6,70
2014/1/26,9.5,0,85
2014/1/27,3,5.9,62
2014/1/28,3,0.6,77
2014/1/29,1,5.7,54
2014/1/30,1.5,0,73
2014/1/31,9.5,4.3,71
2014/2/1,0.5,3.6,59
2014/2/2,0,2.5,71
2014/2/3,0.5,2.7,59
2014/2/4,4,3.7,70
2014/2/5,8.5,1.6,69
2014/2/6,0.5,6.3,53
2014/2/7,4,1.8,63
2014/2/8,1,6.6,61
2014/2/9,1.5,0.1,68
2014/2/10,2.5,4.5,79
2014/2/11,5.5,1.2,80
2014/2/12,0.5,7.2,69
2014/2/13,5.5,3.8,73
2014/2/14,0,9.2,56
2014/2/15,2.5,0,68
2014/2/16,5,0,85
2014/2/17,12.5,0.3,77
2014/2/18,5,1.1,77
2014/2/19,4,0.8,79
2014/2/20,2.5,5.9,64
2014/2/21,18.5,1.8,82
2014/2/22,3,7.4,76
2014/2/23,0.5,2.8,76
2014/2/24,0,10.1,66
2014/2/25,0,9.8,67
2014/2/26,0,9.4,64
2014/2/27,0,9.1,61
2014/2/28,1,5.5,58
2014/3/1,0,7.5,42
2014/3/2,0,9.2,47
2014/3/3,0.5,3.7,63
2014/3/4,2,4.9,63
2014/3/5,7,0,88
2014/3/6,3.5,1.1,73
2014/3/7,2.5,1.7,65
2014/3/8,0.5,2.8,65
2014/3/9,8,6.3,71
2014/3/10,11,3.2,71
2014/3/11,3.5,5.2,75
2014/3/12,1.5,5.3,73
2014/3/13,1,2.8,70
2014/3/14,0.5,2.9,65
2014/3/15,1.5,2.7,71
2014/3/16,2.5,0.4,80
2014/3/17,0.5,9.1,63
2014/3/18,2.5,0.6,77
2014/3/19,0,9.4,63
2014/3/20,0.5,6.1,62
2014/3/21,6.5,0,76
2014/3/22,6,0.1,79
2014/3/23,0.5,9.3,62
2014/3/24,0,10.2,57
2014/3/25,0.5,2.9,63
2014/3/26,0,10.6,74
2014/3/27,0,10.2,69
2014/3/28,0.5,7,73
2014/3/29,0,10.6,64
2014/3/30,0.5,0,71
2014/3/31,0.5,9.7,66
2014/4/1,0,11.2,57
2014/4/2,0,9.6,54
2014/4/3,0,7,67
2014/4/4,8.5,0,87
2014/4/5,6.5,2,66
2014/4/6,0.5,0.6,58
2014/4/7,0,11.9,58
2014/4/8,0,12.1,51
2014/4/9,0,8.6,41
2014/4/10,6,3.3,72
2014/4/11,2.5,8.8,50
2014/4/12,0,10.8,49
2014/4/13,0,10.5,60
2014/4/14,0,12.5,39
2014/4/15,0,4.7,42
2014/4/16,0,8.3,33
2014/4/17,0,8.6,43
2014/4/18,0,7,56
2014/4/19,0,12.5,52
2014/4/20,0,10.9,56
2014/4/21,0,8.3,48
2014/4/22,0,6.9,65
2014/4/23,0,10.4,73
2014/4/24,0,12.5,53
2014/4/25,0,12.7,42
2014/4/26,0,12.5,36
2014/4/27,0,5,31
2014/4/28,0,5.6,57
2014/4/29,0,13.2,40
2014/4/30,0,9.8,52
2014/5/1,1,2.9,76
2014/5/2,0,7.7,79
2014/5/3,0,4.7,68
2014/5/4,0,9.2,42
2014/5/5,1,6.1,55
2014/5/6,0,8.9,48
2014/5/7,0,7.3,50
2014/5/8,0,8,45
2014/5/9,0,1,77
2014/5/10,0,11.4,73
2014/5/11,0,13.4,50
2014/5/12,0,5.7,39
2014/5/13,0,2.2,65
2014/5/14,0,6.2,64
2014/5/15,0.5,6.6,74
2014/5/16,38.5,0,91
2014/5/17,7.5,0,81
2014/5/18,2.5,0.8,79
2014/5/19,0,13.7,67
2014/5/20,0,9.5,61
2014/5/21,6.5,2.2,77
2014/5/22,0,11,65
2014/5/23,0,13.4,63
2014/5/24,0,2.3,68
2014/5/25,0,5.2,83
2014/5/26,2,1.7,73
2014/5/27,0.5,8.8,71
2014/5/28,0,13.1,63
2014/5/29,0,9.9,54
2014/5/30,0,3.8,65
2014/5/31,0,11,60
2014/6/1,0,13.5,54
2014/6/2,0,14,44
2014/6/3,0,13.8,45
2014/6/4,0,13.8,47
2014/6/5,0,10.2,47
2014/6/6,0,0.9,62
2014/6/7,0,1.5,67
2014/6/8,9.5,0.2,82
2014/6/9,5.5,2.3,80
2014/6/10,3,1.5,76
2014/6/11,10.5,3,78
2014/6/12,4.5,1.5,83
2014/6/13,41,0,92
2014/6/14,3.5,0.7,79
2014/6/15,10.5,0,88
2014/6/16,6.5,0,92
2014/6/17,3,0.9,85
2014/6/18,1.5,0.5,87
2014/6/19,0,0.3,86
2014/6/20,0,1.7,82
2014/6/21,0,6.8,80
2014/6/22,0,7.7,79
2014/6/23,0,9.6,76
2014/6/24,0,10.9,73
2014/6/25,0,13.9,70
2014/6/26,0,13.2,67
2014/6/27,0,10.9,68
2014/6/28,0,9.2,73
2014/6/29,0,11.6,69
2014/6/30,0,8.3,65
2014/7/1,0,8.1,70
2014/7/2,0,3.3,75
2014/7/3,0,9.1,75
2014/7/4,0,10.8,66
2014/7/5,0,5.1,65
2014/7/6,0,0,72
2014/7/7,0,6.9,72
2014/7/8,0,9.7,74
2014/7/9,5,4.6,73
2014/7/10,4,0,83
2014/7/11,0,9,80
2014/7/12,0.5,1.6,77
2014/7/13,0,6.6,75
2014/7/14,1.5,8,69
2014/7/15,0,11.5,57
2014/7/16,0,7.6,63
2014/7/17,0,8.1,71
2014/7/18,0,13.4,65
2014/7/19,0,2.8,67
2014/7/20,0,6.9,65
2014/7/21,0,13.6,58
2014/7/22,1.5,7.3,73
2014/7/23,8,0.5,85
2014/7/24,0,10.5,62
2014/7/25,0,7.4,50
2014/7/26,19,0,76
2014/7/27,33.5,1.3,86
2014/7/28,3.5,9.3,76
2014/7/29,0,12.7,61
2014/7/30,0,11.7,59
2014/7/31,0,6.9,63
2014/8/1,0,10.8,70
2014/8/2,0,11.5,69
2014/8/3,0,12.2,72
2014/8/4,0,4.5,74
2014/8/5,21,0,90
2014/8/6,17,0.1,88
2014/8/7,15.5,0,87
2014/8/8,18.5,3.7,82
2014/8/9,0,8.8,73
2014/8/10,16.5,6.1,74
2014/8/11,61.5,5.5,79
2014/8/12,0,3.2,59
2014/8/13,0,8.6,62
2014/8/14,0,4.7,67
2014/8/15,0,0.1,74
2014/8/16,0,9.6,71
2014/8/17,0,10,67
2014/8/18,0,2.3,76
2014/8/19,41,0,88
2014/8/20,0,0.3,85
2014/8/21,0,4.4,73
2014/8/22,17,0,83
2014/8/23,5.5,4.4,78
2014/8/24,0,1.6,66
2014/8/25,4,0.9,74
2014/8/26,0,10.4,57
2014/8/27,0,7.8,66
2014/8/28,0,11.4,69
2014/8/29,0,12.3,61
2014/8/30,0,12.2,57
2014/8/31,0,11.5,63
2014/9/1,0,12.1,61
2014/9/2,0,11.8,64
2014/9/3,0,9.8,67
2014/9/4,12,0,84
2014/9/5,1.5,5.4,80
2014/9/6,0,9,54
2014/9/7,0.5,2.5,71
2014/9/8,0,7,71
2014/9/9,0,6.6,70
2014/9/10,2,2.7,77
2014/9/11,69.5,3.7,80
2014/9/12,3,3.1,75
2014/9/13,0,5.5,65
2014/9/14,0,6.8,63
2014/9/15,0,8.7,65
2014/9/16,2,4.9,66
2014/9/17,2,4.9,60
2014/9/18,7,3,66
2014/9/19,22.5,5.8,74
2014/9/20,12.5,6.3,73
2014/9/21,0,11.2,59
2014/9/22,0.5,9.4,66
2014/9/23,0,9.7,63
2014/9/24,0,4.9,66
2014/9/25,0.5,5.5,72
2014/9/26,0,11,57
2014/9/27,0,4.2,64
2014/9/28,0,4.7,64
2014/9/29,0,4.7,59
2014/9/30,10.5,3.9,71
2014/10/1,4.5,6.1,63
2014/10/2,0,2.5,62
2014/10/3,28,0,87
2014/10/4,11,1.8,73
2014/10/5,0,6.8,54
2014/10/6,0,0.1,69
2014/10/7,0,9.8,60
2014/10/8,0,5.6,66
2014/10/9,0,10.4,61
2014/10/10,7.5,1.4,61
2014/10/11,0,2.7,55
2014/10/12,0,10.4,66
2014/10/13,0,0.3,62
2014/10/14,11,0,78
2014/10/15,0,10.3,61
2014/10/16,19.5,3.3,73
2014/10/17,28,0.4,78
2014/10/18,0,10,51
2014/10/19,0,10,57
2014/10/20,0.5,0.7,62
2014/10/21,0,0,70
2014/10/22,0,5.4,53
2014/10/23,0,9.9,56
2014/10/24,0,9,59
2014/10/25,0,2.9,69
2014/10/26,0,6.9,63
2014/10/27,6.5,0.5,73
2014/10/28,6.5,4.6,68
2014/10/29,1,1.7,52
2014/10/30,0,9.5,55
2014/10/31,0,2.4,73
2014/11/1,0,3.2,72
2014/11/2,2.5,0,87
2014/11/3,8,3.6,65
2014/11/4,4.5,7.3,54
2014/11/5,0,9.4,55
2014/11/6,0,2.5,70
2014/11/7,0.5,0.4,49
2014/11/8,0,7.5,47
2014/11/9,0,4.8,62
2014/11/10,11,0.3,80
2014/11/11,0,8.2,67
2014/11/12,7,2.3,75
2014/11/13,11,1.7,61
2014/11/14,8.5,0,86
2014/11/15,4.5,0.2,72
2014/11/16,0,2.3,59
2014/11/17,0,1.7,60
2014/11/18,3,1.4,83
2014/11/19,0.5,4.2,57
2014/11/20,0,8.4,62
2014/11/21,0.5,2.3,65
2014/11/22,0.5,2.6,75
2014/11/23,0,8.3,53
2014/11/24,1.5,1,67
2014/11/25,0,4.2,52
2014/11/26,0,7.1,61
2014/11/27,0,2.9,72
2014/11/28,0,4.1,67
2014/11/29,0,0.4,71
2014/11/30,0.5,6.7,76
2014/12/1,8,0,75
2014/12/2,1,1.7,47
2014/12/3,0,1.7,52
2014/12/4,0,4,61
2014/12/5,0,4.5,56
2014/12/6,0,6.9,52
2014/12/7,6,2.6,63
2014/12/8,0,4.1,68
2014/12/9,2.5,3.6,73
2014/12/10,0,0.1,63
2014/12/11,3,0,79
2014/12/12,0,3.4,64
2014/12/13,2,0.1,74
2014/12/14,0.5,7.3,53
2014/12/15,25.5,0,88
2014/12/16,34.5,0.5,83
2014/12/17,1,3,60
2014/12/18,1,1.2,64
2014/12/19,4.5,0.3,75
2014/12/20,1,1.6,69
2014/12/21,0,1.2,53
2014/12/22,6.5,0.2,70
2014/12/23,0,2.8,58
2014/12/24,12,0,88
2014/12/25,3.5,1.2,74
2014/12/26,6,2.2,70
2014/12/27,1.5,4.7,66
2014/12/28,0,0.3,69
2014/12/29,1,3.9,76
2014/12/30,1,0.6,75
2014/12/31,6,2.6,70
2015/1/1,0,4.8,64
2015/1/2,7.5,6.3,65
2015/1/3,0,7,52
2015/1/4,0,4.1,67
2015/1/5,0,5.8,72
2015/1/6,6,0,75
2015/1/7,15.5,1.1,77
2015/1/8,17,0,81
2015/1/9,14,1,77
2015/1/10,4,4.6,65
2015/1/11,9.5,2.6,70
2015/1/12,4.5,0,76
2015/1/13,1,1.1,65
2015/1/14,0,8,65
2015/1/15,0.5,6,70
2015/1/16,3,4.5,70
2015/1/17,22,0.9,80
2015/1/18,4,1.6,70
2015/1/19,0.5,3.9,70
2015/1/20,18,0.1,74
2015/1/21,0,4.8,67
2015/1/22,1.5,0.9,77
2015/1/23,9,0,87
2015/1/24,3,1.9,74
2015/1/25,0.5,5,73
2015/1/26,0,3.5,77
2015/1/27,2.5,0.1,71
2015/1/28,0,7.2,51
2015/1/29,0,8.4,53
2015/1/30,0,3.6,70
2015/1/31,0,3.7,65
2015/2/1,7.5,1.2,73
2015/2/2,6.5,0.9,74
2015/2/3,0,1,59
2015/2/4,0,6.4,57
2015/2/5,0,8,63
2015/2/6,0,6.8,63
2015/2/7,0,5.3,67
2015/2/8,6.5,0.7,83
2015/2/9,1,4.9,48
2015/2/10,1,3.4,60
2015/2/11,0,2.3,68
2015/2/12,0.5,5,76
2015/2/13,8,0,87
2015/2/14,3.5,1.6,70
2015/2/15,5.5,0,69
2015/2/16,0,0,76
2015/2/17,0,9.3,69
2015/2/18,0,0,62
2015/2/19,0,2.6,67
2015/2/20,0,8.9,55
2015/2/21,0,7.5,58
2015/2/22,1,0.8,77
2015/2/23,2,6.6,61
2015/2/24,1,0,70
2015/2/25,0.5,2.1,74
2015/2/26,1.5,7.1,68
2015/2/27,10.5,2,79
2015/2/28,3,1,73
2015/3/1,2,0,78
2015/3/2,8,0.9,76
2015/3/3,0,6.4,53
2015/3/4,6,0,85
2015/3/5,5,0.5,81
2015/3/6,1,5.9,74
2015/3/7,3,0,85
2015/3/8,0.5,10.7,66
2015/3/9,6.5,0.1,74
2015/3/10,69.5,0,87
2015/3/11,2,0.2,65
2015/3/12,0.5,1.6,61
2015/3/13,11.5,1.6,83
2015/3/14,2.5,5.8,71
2015/3/15,0,4.8,57
2015/3/16,0,7,60
2015/3/17,0,5.5,69
2015/3/18,0,9.1,57
2015/3/19,0,8.5,59
2015/3/20,0.5,0.9,73
2015/3/21,0,9.6,57
2015/3/22,0,6.6,64
2015/3/23,0,7,53
2015/3/24,1,0.5,61
2015/3/25,0.5,5.9,64
2015/3/26,0,11.5,47
2015/3/27,0,8.6,58
2015/3/28,0,10.1,54
2015/3/29,0,3.2,66
2015/3/30,0,11.1,63
2015/3/31,5.5,0.4,66
2015/4/1,0,7.2,66
2015/4/2,0,10.8,47
2015/4/3,27.5,0.2,77
2015/4/4,0,9.5,53
2015/4/5,0.5,5.3,67
2015/4/6,0,2,69
2015/4/7,0,3.7,48
2015/4/8,0,9.2,42
2015/4/9,0,6.6,43
2015/4/10,0,10.2,66
2015/4/11,0,5,69
2015/4/12,0,11.4,54
2015/4/13,0,12.2,51
2015/4/14,0,11,66
2015/4/15,37,0,84
2015/4/16,1.5,0.7,76
2015/4/17,0,2.4,73
2015/4/18,0,9,59
2015/4/19,1,7.8,65
2015/4/20,18,0,76
2015/4/21,3.5,5.8,75
2015/4/22,0,11,56
2015/4/23,0,12.6,41
2015/4/24,1,5.3,55
2015/4/25,0,8.9,36
2015/4/26,0,11.8,27
2015/4/27,0,11.6,53
2015/4/28,0,6.3,71
2015/4/29,0,12.6,53
2015/4/30,0,10.3,49
2015/5/1,0,11.2,51
2015/5/2,0,12.5,30
2015/5/3,0,7.2,48
2015/5/4,4,4.9,70
2015/5/5,0,11.4,35
2015/5/6,0,10.9,35
2015/5/7,0,12.9,30
2015/5/8,0,5.2,42
2015/5/9,0,9.7,65
2015/5/10,1.5,10.2,61
2015/5/11,0,12.2,34
2015/5/12,4,2.6,49
2015/5/13,12,4,75
2015/5/14,2.5,4,80
2015/5/15,0,6,69
2015/5/16,0,0.3,80
2015/5/17,0.5,8.9,55
2015/5/18,0,13.5,43
2015/5/19,1,0.6,75
2015/5/20,2.5,4.9,70
2015/5/21,0.5,5.4,77
2015/5/22,0,7.1,62
2015/5/23,0,11,46
2015/5/24,0,13.1,48
2015/5/25,0,13.8,37
2015/5/26,0,7.3,73
2015/5/27,0,11.8,61
2015/5/28,0,13.8,61
2015/5/29,0,13.3,56
2015/5/30,0,6.2,68
2015/5/31,8.5,7.3,61
2015/6/1,0,13.1,36
2015/6/2,0,4.3,58
2015/6/3,35.5,2.4,73
2015/6/4,4,0.8,76
2015/6/5,9,0.8,80
2015/6/6,0,8.2,65
2015/6/7,0,7,63
2015/6/8,1,2.9,62
2015/6/9,4.5,0.4,80
2015/6/10,2,0.4,79
2015/6/11,0,0.3,85
2015/6/12,0,13.9,66
2015/6/13,0,2.1,77
2015/6/14,0,6.7,75
2015/6/15,0,6.3,79
2015/6/16,0,10.8,79
2015/6/17,0,13.7,65
2015/6/18,0,14,57
2015/6/19,0,11.4,65
2015/6/20,0,8.4,77
2015/6/21,0,13.5,66
2015/6/22,0,3.3,77
2015/6/23,1,0.2,88
2015/6/24,3,0,83
2015/6/25,0,0,80
2015/6/26,0,6.4,74
2015/6/27,0,0.1,70
2015/6/28,2.5,0,77
2015/6/29,0,0,84
2015/6/30,4,0,86
2015/7/1,5.5,0,84
2015/7/2,1,4.8,76
2015/7/3,0,7.8,69
2015/7/4,0,1.7,76
2015/7/5,0,10,71
2015/7/6,0,9.2,71
2015/7/7,3.5,3.6,74
2015/7/8,0,10,63
2015/7/9,0,13.7,62
2015/7/10,0,14,66
2015/7/11,0,13.7,62
2015/7/12,0,11.3,60
2015/7/13,0,0.4,61
2015/7/14,1,6.4,68
2015/7/15,0,3.3,73
2015/7/16,0,10.5,63
2015/7/17,0,13.3,54
2015/7/18,14.5,0,75
2015/7/19,12.5,2.3,84
2015/7/20,0,6.6,74
2015/7/21,17.5,0.2,80
2015/7/22,3,0.1,86
2015/7/23,0,2.2,86
2015/7/24,0,5.3,82
2015/7/25,3.5,0,84
2015/7/26,2,0.4,86
2015/7/27,0,6.3,79
2015/7/28,0,8.6,77
2015/7/29,0,4.8,79
2015/7/30,0,3.5,77
2015/7/31,0,1,74
2015/8/1,1,6.7,78
2015/8/2,0,10.5,70
2015/8/3,0,4,75
2015/8/4,0,8.1,71
2015/8/5,0,6.5,65
2015/8/6,4.5,0,87
2015/8/7,72,6,79
2015/8/8,0,11.6,70
2015/8/9,0,10.6,70
2015/8/10,0,3.1,77
2015/8/11,17.5,3,82
2015/8/12,0,4.7,80
2015/8/13,0,5.7,76
2015/8/14,0,10.3,68
2015/8/15,4.5,1.3,79
2015/8/16,5,2.5,79
2015/8/17,0,8.5,74
2015/8/18,20,0,87
2015/8/19,3,4.7,81
2015/8/20,1,2,77
2015/8/21,0,5.5,73
2015/8/22,0,8.4,72
2015/8/23,0,2.2,70
2015/8/24,0,6,63
2015/8/25,0,11.8,55
2015/8/26,0,0.1,65
2015/8/27,3,0,72
2015/8/28,0,0,65
2015/8/29,0,8.3,66
2015/8/30,0,5.5,71
2015/8/31,0,1,74
2015/9/1,0,9.3,73
2015/9/2,85,0,82
2015/9/3,0,6.3,67
2015/9/4,14.5,0,79
2015/9/5,0,7,67
2015/9/6,0,3.9,67
2015/9/7,0,9,67
2015/9/8,0,9.7,64
2015/9/9,1.5,1.4,62
2015/9/10,0,0.4,63
2015/9/11,0,3.8,67
2015/9/12,1,0.4,74
2015/9/13,15,0,85
2015/9/14,6.5,6.2,78
2015/9/15,0,10.9,67
2015/9/16,0,10.3,71
2015/9/17,0,11.3,62
2015/9/18,6,0,76
2015/9/19,13,0.1,82
2015/9/20,0.5,6.7,77
2015/9/21,0,6.8,75
2015/9/22,0,9.6,75
2015/9/23,0,11,71
2015/9/24,0,4.2,73
2015/9/25,0,7,69
2015/9/26,1.5,0.3,76
2015/9/27,8,4.7,73
2015/9/28,3,1.9,67
2015/9/29,29.5,3.9,68
2015/9/30,13,5.7,62
2015/10/1,2,4.7,69
2015/10/2,10,3.7,59
2015/10/3,2,9.6,48
2015/10/4,0,3.9,57
2015/10/5,0,2.8,70
2015/10/6,0,10.7,66
2015/10/7,0,10.7,66
2015/10/8,13,0,70
2015/10/9,11.5,0,75
2015/10/10,0,7.3,57
2015/10/11,3,2,65
2015/10/12,0,2.5,60
2015/10/13,10,3.2,68
2015/10/14,2,5.8,58
2015/10/15,0,4.1,59
2015/10/16,0,10.3,67
2015/10/17,0,10.1,70
2015/10/18,0.5,3.3,60
2015/10/19,0,7.9,46
2015/10/20,8,0.7,66
2015/10/21,0,5.6,48
2015/10/22,0,9.9,50
2015/10/23,0,9.6,52
2015/10/24,3.5,1.5,65
2015/10/25,26,1.2,67
2015/10/26,0.5,6,51
2015/10/27,0,2.8,69
2015/10/28,5.5,5.8,57
2015/10/29,0,1.7,55
2015/10/30,0,3.5,61
2015/10/31,0.5,0,51
2015/11/1,0,6.8,49
2015/11/2,0,2.9,62
2015/11/3,0,8.2,67
2015/11/4,0,9.4,42
2015/11/5,0,8.1,57
2015/11/6,0,0,57
2015/11/7,0,3.8,50
2015/11/8,0,0,71
2015/11/9,6,1.3,73
2015/11/10,18.5,0,89
2015/11/11,4.5,1.8,78
2015/11/12,2,4.7,69
2015/11/13,0,8.8,69
2015/11/14,1,0,76
2015/11/15,11,0,92
2015/11/16,0,6.6,70
2015/11/17,0.5,0.9,74
2015/11/18,0,3,52
2015/11/19,0,6,53
2015/11/20,0,0.3,68
2015/11/21,3,5.2,67
2015/11/22,0,4.5,43
2015/11/23,0,6,46
2015/11/24,32.5,0,87
2015/11/25,16.5,3.6,75
2015/11/26,0,2.4,75
2015/11/27,17,1.4,85
2015/11/28,14.5,1.6,81
2015/11/29,0,6,60
2015/11/30,10,4.9,73
2015/12/1,8.5,5,60
2015/12/2,0,1,62
2015/12/3,6.5,0,75
2015/12/4,1.5,3.1,65
2015/12/5,3,0.3,77
2015/12/6,0.5,5.5,59
2015/12/7,10,4.6,68
2015/12/8,0,5.1,62
2015/12/9,0,5.7,64
2015/12/10,0,6.3,68
2015/12/11,4.5,0,78
2015/12/12,0,6.8,64
2015/12/13,0,5.6,67
2015/12/14,0,8.2,56
2015/12/15,1,0.3,74
2015/12/16,3,1.1,71
2015/12/17,32.5,0,82
2015/12/18,14.5,0.5,78
2015/12/19,3,3,55
2015/12/20,0,2.5,58
2015/12/21,5,0.2,87
2015/12/22,2.5,3.3,65
2015/12/23,0,5.3,70
2015/12/24,0,5.2,67
2015/12/25,21.5,0,80
2015/12/26,0,0.2,67
2015/12/27,1,2.3,59
2015/12/28,3.5,0,72
2015/12/29,1,4.4,57
2015/12/30,1,2.6,73
2015/12/31,0,3.5,63
2016/1/1,1,2,59
2016/1/2,3.5,1.3,75
2016/1/3,0,3.7,52
2016/1/4,0,1.6,57
2016/1/5,0.5,2,61
2016/1/6,1.5,2.4,66
2016/1/7,0,2.6,58
2016/1/8,0.5,0.9,68
2016/1/9,0.5,1,62
2016/1/10,2,1.7,69
2016/1/11,0,6.8,48
2016/1/12,1,0,68
2016/1/13,0,3.3,60
2016/1/14,12,5.9,72
2016/1/15,0,7.3,69
2016/1/16,6,5.1,68
2016/1/17,0.5,5,73
2016/1/18,10,0,74
2016/1/19,11.5,0,80
2016/1/20,0.5,3,60
2016/1/21,8,1.4,65
2016/1/22,7.5,0.3,72
2016/1/23,0,3.9,59
2016/1/24,0,5.9,68
2016/1/25,2.5,1.4,73
2016/1/26,0,3.2,66
2016/1/27,3.5,3.3,71
2016/1/28,1,0,62
2016/1/29,0,5.3,48
2016/1/30,0.5,3.2,66
2016/1/31,0,4.7,55
2016/2/1,0,8.4,45
2016/2/2,3,5.7,58
2016/2/3,3,4.9,62
2016/2/4,0,4.2,65
2016/2/5,0.5,2.3,66
2016/2/6,0,2.6,61
2016/2/7,2.5,5.5,60
2016/2/8,0.5,9.3,60
2016/2/9,3.5,3,69
2016/2/10,19,0.6,79
2016/2/11,0,6.2,59
2016/2/12,0,3.2,68
2016/2/13,0,1,83
2016/2/14,6.5,0.2,87
2016/2/15,2.5,2.1,57
2016/2/16,0,2.2,66
2016/2/17,3,0.7,67
2016/2/18,0,1.5,76
2016/2/19,3,3.9,72
2016/2/20,5,4.8,57
2016/2/21,13.5,0.1,80
2016/2/22,1.5,3.3,59
2016/2/23,7.5,1.2,78
2016/2/24,11,1.2,74
2016/2/25,0.5,4,60
2016/2/26,0,0.9,66
2016/2/27,0,5.3,60
2016/2/28,0,9.6,49
2016/2/29,23.5,1.4,69
2016/3/1,15.5,0.7,75
2016/3/2,1.5,4.2,63
2016/3/3,5,0.1,76
2016/3/4,2.5,3.9,67
2016/3/5,0,10.3,54
2016/3/6,3,0.8,79
2016/3/7,0,5.6,66
2016/3/8,0,3.9,59
2016/3/9,0,6.4,49
2016/3/10,2.5,4.2,67
2016/3/11,0,6.2,63
2016/3/12,0,5.2,59
2016/3/13,0,5.9,64
2016/3/14,1,6.4,69
2016/3/15,0.5,7.2,49
2016/3/16,0,7.9,49
2016/3/17,0,10.8,48
2016/3/18,0,1.6,58
2016/3/19,1.5,0,82
2016/3/20,1.5,2,62
2016/3/21,1,6.8,62
2016/3/22,0,6.2,47
2016/3/23,4.5,4.3,68
2016/3/24,2.5,4.2,74
2016/3/25,8,1.9,78
2016/3/26,6,7.6,67
2016/3/27,0,10.3,49
2016/3/28,0,10,54
2016/3/29,0,8.7,51
2016/3/30,3.5,1.8,73
2016/3/31,0.5,9,62
2016/4/1,0,11.5,61
2016/4/2,0,7.6,61
2016/4/3,1.5,0.5,55
2016/4/4,0,8.4,43
2016/4/5,1.5,10.5,39
2016/4/6,0,10.6,34
2016/4/7,0.5,0.7,54
2016/4/8,1.5,4.7,56
2016/4/9,1,9,36
2016/4/10,0,8.6,38
2016/4/11,5.5,3.6,70
2016/4/12,0,9.8,41
2016/4/13,0.5,0.5,59
2016/4/14,2.5,1.1,74
2016/4/15,6.5,0.2,73
2016/4/16,0,7.6,50
2016/4/17,6.5,0,75
2016/4/18,1.5,5.4,72
2016/4/19,1,0,80
2016/4/20,0,8.3,53
2016/4/21,0,11.1,54
2016/4/22,0,8.7,50
2016/4/23,6,4.2,70
2016/4/24,0,10.5,56
2016/4/25,0,9.7,57
2016/4/26,0,4.4,64
2016/4/27,0,13.1,53
2016/4/28,2.5,3.8,60
2016/4/29,17,0,79
2016/4/30,3,0.8,63
2016/5/1,0,9.6,59
2016/5/2,0,10,53
2016/5/3,0,9.4,60
2016/5/4,3,1.7,78
2016/5/5,0,1.3,68
2016/5/6,1,1.3,72
2016/5/7,1.5,2.6,67
2016/5/8,0,10.9,34
2016/5/9,0,3.7,42
2016/5/10,0.5,1,42
2016/5/11,10.5,0,81
2016/5/12,2,3.1,79
2016/5/13,0,11.8,54
2016/5/14,0,12.9,45
2016/5/15,0,6.9,26
2016/5/16,1,0.2,69
2016/5/17,0.5,10.6,54
2016/5/18,0,12.6,56
2016/5/19,0,12.4,51
2016/5/20,0,12.9,47
2016/5/21,0,13.3,43
2016/5/22,0,13.6,61
2016/5/23,0,9.1,64
2016/5/24,0,3.8,55
2016/5/25,0,5.3,71
2016/5/26,0,0.2,56
2016/5/27,0,9.8,47
2016/5/28,3,11,55
2016/5/29,0,13.4,67
2016/5/30,0,10.5,57
2016/5/31,17.5,4.6,77
2016/6/1,10.5,1.7,80
2016/6/2,0,3.2,64
2016/6/3,1.5,0.3,78
2016/6/4,3,0.5,83
2016/6/5,0,11.3,66
2016/6/6,0,8.7,58
2016/6/7,0,11.1,52
2016/6/8,0.5,0.1,73
2016/6/9,5.5,1,85
2016/6/10,0,3.3,82
2016/6/11,0,8.8,75
2016/6/12,0,8.2,70
2016/6/13,12.5,0,80
2016/6/14,1.5,0.6,77
2016/6/15,0,10.1,70
2016/6/16,8.5,0.7,79
2016/6/17,26,0.3,88
2016/6/18,2.5,0.4,86
2016/6/19,0,8.2,73
2016/6/20,15,0.1,85
2016/6/21,0,9.9,72
2016/6/22,0,8.6,73
2016/6/23,0,6.3,65
2016/6/24,0,3.1,64
2016/6/25,21,1.5,82
2016/6/26,4.5,2,80
2016/6/27,0,8.5,71
2016/6/28,0,12.3,65
2016/6/29,0,13.1,63
2016/6/30,0,13.8,65
2016/7/1,0,11.7,66
2016/7/2,26,0,82
2016/7/3,0,5.3,71
2016/7/4,0,7.2,75
2016/7/5,0,10,70
2016/7/6,0,7.8,69
2016/7/7,0,13.1,68
2016/7/8,0,12.1,71
2016/7/9,0.5,6.5,73
2016/7/10,10.5,0,89
2016/7/11,0,7.7,79
2016/7/12,0,12.6,74
2016/7/13,0,10.1,70
2016/7/14,0,6.9,65
2016/7/15,0,8.7,69
2016/7/16,0,9.1,73
2016/7/17,0,0.4,76
2016/7/18,1.5,1.6,72
2016/7/19,25,0.1,87
2016/7/20,1.5,7.7,77
2016/7/21,0,7.3,73
2016/7/22,0,8.7,73
2016/7/23,0,12.9,69
2016/7/24,0,13.5,68
2016/7/25,0,12.3,71
2016/7/26,0,10.1,71
2016/7/27,25,0,86
2016/7/28,12.5,0.3,87
2016/7/29,16,0,88
2016/7/30,0,1.9,78
2016/7/31,0,5.5,76
2016/8/1,0,5.9,74
2016/8/2,12,9.2,82
2016/8/3,0,3.3,80
2016/8/4,0,7.2,74
2016/8/5,0,7.5,68
2016/8/6,0,12.7,63
2016/8/7,0,13.3,67
2016/8/8,0,11,73
2016/8/9,16.5,8.2,70
2016/8/10,0,10.9,68
2016/8/11,0,11.1,66
2016/8/12,0,10,69
2016/8/13,0,12.9,60
2016/8/14,0,12.9,64
2016/8/15,1,4.3,72
2016/8/16,36.5,1.4,79
2016/8/17,89.5,0,92
2016/8/18,0,6.8,75
2016/8/19,0,0.2,78
2016/8/20,51,0.2,89
2016/8/21,5,4.6,86
2016/8/22,16.5,0,90
2016/8/23,36.5,3.7,83
2016/8/24,0,10.9,69
2016/8/25,0,11.9,73
2016/8/26,2.5,0.1,72
2016/8/27,0,12.5,59
2016/8/28,0,10.3,61
2016/8/29,0,11.6,64
2016/8/30,8.5,5.4,68
2016/8/31,3.5,5.3,77
2016/9/1,0,9,67
2016/9/2,0,4,76
2016/9/3,0,5.1,74
2016/9/4,0,4.1,71
2016/9/5,0,8.8,74
2016/9/6,15,0,87
2016/9/7,0,5.2,76
2016/9/8,18.5,0.4,77
2016/9/9,21.5,0,83
2016/9/10,12,1.3,85
2016/9/11,3.5,8.2,71
2016/9/12,0,8.4,65
2016/9/13,0,1.3,70
2016/9/14,0,3.2,71
2016/9/15,0.5,5.4,79
2016/9/16,0,8.6,68
2016/9/17,22.5,3.6,75
2016/9/18,0.5,0.2,74
2016/9/19,2.5,4.9,71
2016/9/20,0,7.7,60
2016/9/21,0,11.4,57
2016/9/22,0,3.1,70
2016/9/23,8,0,88
2016/9/24,0,7.5,78
2016/9/25,0,10,66
2016/9/26,0,10.8,63
2016/9/27,0,6.8,59
2016/9/28,2.5,0.9,82
2016/9/29,0,4.9,66
2016/9/30,0,10.2,58
2016/10/1,0,10.4,61
2016/10/2,0,8.9,63
2016/10/3,3,0,79
2016/10/4,0,7.3,49
2016/10/5,5,6.3,60
2016/10/6,5.5,5.1,63
2016/10/7,0,3.5,45
2016/10/8,0,0.1,74
2016/10/9,0,5.9,55
2016/10/10,0,1,53
2016/10/11,3,4.6,59
2016/10/12,0,3.7,48
2016/10/13,0,6.1,49
2016/10/14,0,10.3,46
2016/10/15,0,9.8,56
2016/10/16,0,8.6,70
2016/10/17,0,0.1,74
2016/10/18,0,8.5,70
2016/10/19,0,10,67
2016/10/20,42,0.7,71
2016/10/21,1,0.6,56
2016/10/22,3.5,0,65
2016/10/23,1,4.2,55
2016/10/24,0,4.2,38
2016/10/25,0,6,56
2016/10/26,5,5.6,58
2016/10/27,0,4.6,43
2016/10/28,0,2.5,46
2016/10/29,5,6.1,48
2016/10/30,0,0,51
2016/10/31,4,0.3,69
2016/11/1,0,0,52
2016/11/2,0,2.7,52
2016/11/3,8,0,80
2016/11/4,0.5,0.3,51
2016/11/5,33,0,87
2016/11/6,30,2.7,67
2016/11/7,0,4.9,57
2016/11/8,3.5,0.1,75
2016/11/9,1,1.4,67
2016/11/10,0.5,4.1,54
2016/11/11,5,7.5,63
2016/11/12,4,6.8,81
2016/11/13,4.5,1.2,76
2016/11/14,0,7.4,65
2016/11/15,6,0.5,77
2016/11/16,0.5,1.8,57
2016/11/17,0,4,55
2016/11/18,1.5,2.7,69
2016/11/19,0,4.1,81
2016/11/20,1,1.9,68
2016/11/21,1,3.7,51
2016/11/22,2.5,0,74
2016/11/23,0,2.5,52
2016/11/24,0,5.2,49
2016/11/25,0,5.6,58
2016/11/26,0,4.6,50
2016/11/27,1.5,1.1,78
2016/11/28,8,6.1,69
2016/11/29,3,3.2,66
2016/11/30,0.5,3.5,59
2016/12/1,2,1.8,69
2016/12/2,4.5,0,64
2016/12/3,0,8.3,45
2016/12/4,0,1.6,67
2016/12/5,0,0.5,74
2016/12/6,18.5,0,77
2016/12/7,0,7.1,51
2016/12/8,0,1.7,66
2016/12/9,10,0,86
2016/12/10,46,0,82
2016/12/11,12,1.4,71
2016/12/12,3.5,4.7,72
2016/12/13,1.5,2.5,74
2016/12/14,2,2.1,76
2016/12/15,7,5.5,71
2016/12/16,5,4.2,74
2016/12/17,0,2.1,62
2016/12/18,0,3.9,64
2016/12/19,0,8.1,61
2016/12/20,0,0.3,68
2016/12/21,0,0.8,65
2016/12/22,40.5,0,85
2016/12/23,38.5,0,88
2016/12/24,0.5,6.4,60
2016/12/25,0,7.1,62
2016/12/26,5,0.5,77
2016/12/27,3.5,0,70
2016/12/28,0.5,1.9,64
2016/12/29,3,0,66
2016/12/30,1,4,58
2016/12/31,2,2.3,64
2017/1/1,0,0.8,70
2017/1/2,0,2.6,64
2017/1/3,2,0.6,84
2017/1/4,3,0,81
2017/1/5,1,1.1,70
2017/1/6,1.5,4.8,73
2017/1/7,0.5,4.3,66
2017/1/8,0.5,5.9,65
2017/1/9,5,0,84
2017/1/10,0.5,3.1,60
2017/1/11,0.5,1.4,60
2017/1/12,6,0.3,76
2017/1/13,1.5,5.1,74
2017/1/14,0,4.6,68
2017/1/15,1.5,3.4,79
2017/1/16,0,0,62
2017/1/17,0.5,2.8,61
2017/1/18,1,0,69
2017/1/19,4.5,0.9,79
2017/1/20,1,2.4,75
2017/1/21,0,4.4,64
2017/1/22,7,0,77
2017/1/23,4.5,1.4,66
2017/1/24,6,4,70
2017/1/25,2.5,4,70
2017/1/26,0,6.8,65
2017/1/27,8,0.2,73
2017/1/28,5.5,0,71
2017/1/29,0,6.6,55
2017/1/30,0,0.3,71
2017/1/31,8.5,5.4,70
2017/2/1,3.5,3.2,71
2017/2/2,6,2.2,65
2017/2/3,1,3.6,61
2017/2/4,0,3.3,58
2017/2/5,0,8.7,59
2017/2/6,0,0,63
2017/2/7,2,1,65
2017/2/8,1.5,0.2,57
2017/2/9,0,5.9,62
2017/2/10,0,2.4,61
2017/2/11,0,2.7,71
2017/2/12,2,0,82
2017/2/13,1,1.7,77
2017/2/14,6,0.1,82
2017/2/15,0,2.4,65
2017/2/16,0,3.9,70
2017/2/17,5.5,0,74
2017/2/18,1,5.1,54
2017/2/19,1,4.9,61
2017/2/20,3.5,1.6,71
2017/2/21,4.5,1.2,66
2017/2/22,0,4.9,59
2017/2/23,1.5,1.3,78
2017/2/24,4.5,4.7,63
2017/2/25,6,5.2,73
2017/2/26,7,1.5,71
2017/2/27,0,8.3,63
2017/2/28,0,7,58
2017/3/1,0.5,4.8,66
2017/3/2,0,6.3,71
2017/3/3,4,0.8,72
2017/3/4,0,5.7,51
2017/3/5,0,7.5,45
2017/3/6,0,9.1,56
2017/3/7,2.5,5.3,60
2017/3/8,0.5,5.1,62
2017/3/9,0,3.9,63
2017/3/10,3.5,0.9,75
2017/3/11,9,8.1,72
2017/3/12,0,10.9,60
2017/3/13,0,10.1,62
2017/3/14,0,3.1,61
2017/3/15,0,8.4,68
2017/3/16,0,2.1,68
2017/3/17,2,5.7,64
2017/3/18,0,8.7,57
2017/3/19,0,8.1,55
2017/3/20,0,10.9,46
2017/3/21,0,0,58
2017/3/22,0.5,1.8,67
2017/3/23,19,2.2,82
2017/3/24,17,3.4,82
2017/3/25,1.5,6.2,73
2017/3/26,0,10,54
2017/3/27,0,11.4,54
2017/3/28,0.5,4.4,70
2017/3/29,0.5,7.8,62
2017/3/30,14,0.2,82
2017/3/31,0.5,11.2,64
2017/4/1,0,7.3,61
2017/4/2,0,7.5,61
2017/4/3,0,11.6,56
2017/4/4,0,6.7,70
2017/4/5,0,11.6,56
2017/4/6,1.5,4.5,56
2017/4/7,0,6.1,66
2017/4/8,0,0,57
2017/4/9,0,7,47
2017/4/10,0,12.2,43
2017/4/11,1,6.8,57
2017/4/12,4,2.1,59
2017/4/13,3.5,2.1,53
2017/4/14,0,11.5,46
2017/4/15,0,9.3,49
2017/4/16,0,8.5,44
2017/4/17,0,10.9,48
2017/4/18,28.5,0,78
2017/4/19,6.5,0.9,81
2017/4/20,1,2.1,65
2017/4/21,0,9.5,58
2017/4/22,10,0,82
2017/4/23,0.5,7.7,69
2017/4/24,0,12.1,53
2017/4/25,6.5,6.4,63
2017/4/26,0.5,5,60
2017/4/27,0.5,4.5,56
2017/4/28,0,6.1,60
2017/4/29,0,10.3,58
2017/4/30,1.5,2.9,60
2017/5/1,0.5,4.2,67
2017/5/2,0,9,71
2017/5/3,0,11.4,35
2017/5/4,0,13.4,34
2017/5/5,0,7.8,48
2017/5/6,0.5,3.8,49
2017/5/7,0,8.7,34
2017/5/8,1,5.5,58
2017/5/9,0,13.3,50
2017/5/10,0,5.2,59
2017/5/11,7,0,85
2017/5/12,0.5,11,73
2017/5/13,0,6,51
2017/5/14,0,0.5,52
2017/5/15,0,3.6,70
2017/5/16,3.5,0.6,78
2017/5/17,0,12.8,65
2017/5/18,0,13.5,49
2017/5/19,0,13.6,39
2017/5/20,0,12.6,57
2017/5/21,0,7.4,66
2017/5/22,0,0.1,76
2017/5/23,0,0,65
2017/5/24,0,0,80
2017/5/25,0,6.7,76
2017/5/26,0,9.2,67
2017/5/27,34.5,0.1,86
2017/5/28,10,1,87
2017/5/29,0,10.9,65
2017/5/30,0,11.1,59
2017/5/31,0,9.4,66
2017/6/1,31.5,0,84
2017/6/2,5.5,1.5,73
2017/6/3,3,1.6,71
2017/6/4,2,0,81
2017/6/5,0,11.2,71
2017/6/6,0,13.5,63
2017/6/7,2.5,2.7,58
2017/6/8,6.5,1.6,74
2017/6/9,0,9.7,57
2017/6/10,16.5,1,82
2017/6/11,7,2.4,77
2017/6/12,0,9.9,63
2017/6/13,0,8.7,65
2017/6/14,0,8.3,65
2017/6/15,5,0,79
2017/6/16,0,5.3,70
2017/6/17,0,7.9,74
2017/6/18,0,14,56
2017/6/19,0,9.8,63
2017/6/20,0,13.3,71
2017/6/21,18,5.7,74
2017/6/22,44.5,1.2,87
2017/6/23,0,6.3,83
2017/6/24,1.5,0.2,84
2017/6/25,25,0,92
2017/6/26,0,0.3,76
2017/6/27,0,4.2,69
2017/6/28,0,8,70
2017/6/29,0,3.8,72
2017/6/30,0,13.7,60
2017/7/1,2.5,7.2,72
2017/7/2,0,1.5,81
2017/7/3,0.5,0,86
2017/7/4,2,0.3,85
2017/7/5,0,2.8,80
2017/7/6,0,12.6,64
2017/7/7,0,14.1,61
2017/7/8,0,14,62
2017/7/9,0,11,68
2017/7/10,0,5,74
2017/7/11,0.5,3.9,76
2017/7/12,0,7.1,78
2017/7/13,0,13.3,63
2017/7/14,0,13.8,59
2017/7/15,0,11.3,61
2017/7/16,32,2.5,79
2017/7/17,2.5,0.2,88
2017/7/18,4,0,86
2017/7/19,0,6.7,72
2017/7/20,0,2.4,73
2017/7/21,0.5,0.7,76
2017/7/22,15.5,5.9,79
2017/7/23,0,11.3,77
2017/7/24,0,6.5,74
2017/7/25,0,9.3,70
2017/7/26,0,13.6,59
2017/7/27,0,6.1,55
2017/7/28,1,0,73
2017/7/29,0,7.5,70
2017/7/30,0,10.2,69
2017/7/31,14.5,0,87
2017/8/1,0,9.6,79
2017/8/2,0,10.5,71
2017/8/3,0,9.3,72
2017/8/4,0,7.9,74
2017/8/5,0.5,8.6,73
2017/8/6,0,10.6,71
2017/8/7,0,13.2,67
2017/8/8,0,12.2,63
2017/8/9,4,0,73
2017/8/10,0,1,76
2017/8/11,0,0.5,73
2017/8/12,27.5,0,87
2017/8/13,1,0.3,78
2017/8/14,0,3.5,72
2017/8/15,0,5.7,65
2017/8/16,0,7.8,63
2017/8/17,0,1.4,68
2017/8/18,0,4,71
2017/8/19,0,9,73
2017/8/20,0,11.5,74
2017/8/21,0,12,69
2017/8/22,34,0.3,88
2017/8/23,0,8.4,74
2017/8/24,2,0,78
2017/8/25,6,8.1,65
2017/8/26,0,7.6,48
2017/8/27,0,9.2,56
2017/8/28,0,0.7,63
2017/8/29,3.5,0,73
2017/8/30,0,3.9,52
2017/8/31,0,7.6,58
2017/9/1,0,12.1,59
2017/9/2,0,2.5,67
2017/9/3,0,7.8,63
2017/9/4,0,10.1,55
2017/9/5,0,10.3,59
2017/9/6,0,10.2,64
2017/9/7,0,6.9,68
2017/9/8,0,10.6,74
2017/9/9,1,7.3,69
2017/9/10,5,6.1,59
2017/9/11,0,5.8,58
2017/9/12,28,0,88
2017/9/13,5.5,1.5,78
2017/9/14,0.5,0.9,64
2017/9/15,0,9.8,69
2017/9/16,0,6.5,68
2017/9/17,0,3.9,69
2017/9/18,67.5,1.4,78
2017/9/19,17.5,4.8,73
2017/9/20,7.5,3.1,81
2017/9/21,2,9.3,63
2017/9/22,0,9.2,67
2017/9/23,38.5,3.7,80
2017/9/24,0,8.5,78
2017/9/25,0,7.4,64
2017/9/26,0,10.2,51
2017/9/27,10,2,67
2017/9/28,2,0.6,57
2017/9/29,2,6.1,58
2017/9/30,0,4.7,54
2017/10/1,0,8.8,56
2017/10/2,0,2.3,64
2017/10/3,1.5,1.6,62
2017/10/4,5.5,4.4,64
2017/10/5,1,7.8,48
2017/10/6,0,8.4,64
2017/10/7,1,2.4,77
2017/10/8,0,6.1,83
2017/10/9,0,5,76
2017/10/10,6.5,0.9,65
2017/10/11,1.5,0,68
2017/10/12,6.5,0.1,81
2017/10/13,0,4.1,50
2017/10/14,0,9.2,48
2017/10/15,0,4.4,41
2017/10/16,0,8,46
2017/10/17,14,3.6,62
2017/10/18,1.5,3.8,61
2017/10/19,0,9.5,60
2017/10/20,0,3.8,70
2017/10/21,0,9.1,66
2017/10/22,0,0,72
2017/10/23,27.5,0,67
2017/10/24,0,9.8,60
2017/10/25,0,9.7,59
2017/10/26,0,9,55
2017/10/27,0,9.5,58
2017/10/28,0,7.7,65
2017/10/29,16.5,0.2,68
2017/10/30,29.5,0.3,71
2017/10/31,1.5,3.4,56
2017/11/1,0,5,60
2017/11/2,0,8.8,54
2017/11/3,7,1.6,75
2017/11/4,9.5,2.2,63
2017/11/5,0.5,1.2,54
2017/11/6,0,8.3,52
2017/11/7,0,7.9,67
2017/11/8,3,0.4,78
2017/11/9,11,1.6,56
2017/11/10,0,2.1,57
2017/11/11,14,1.9,69
2017/11/12,8,3.3,56
2017/11/13,4,4.3,68
2017/11/14,2,3.9,62
2017/11/15,1,0.3,77
2017/11/16,0,5.9,60
2017/11/17,0,7.1,49
2017/11/18,27,4.8,76
2017/11/19,16,0.6,76
2017/11/20,0.5,0.2,76
2017/11/21,0,2.4,65
2017/11/22,2,0.5,73
2017/11/23,3,0.9,75
2017/11/24,7.5,0.7,81
2017/11/25,3,0.4,80
2017/11/26,5,0,74
2017/11/27,0,7.9,53
2017/11/28,0.5,2.6,70
2017/11/29,4.5,3.4,70
2017/11/30,0,3.8,52
2017/12/1,0,2.4,54
2017/12/2,0,1.4,62
2017/12/3,1.5,2,78
2017/12/4,0.5,8.1,56
2017/12/5,18,1.8,79
2017/12/6,0.5,2.2,66
2017/12/7,0,3.9,62
2017/12/8,16,3.1,78
2017/12/9,0,5.4,62
2017/12/10,1,5,65
2017/12/11,8,3.5,72
2017/12/12,1,2.2,60
2017/12/13,0,3.2,57
2017/12/14,0,6.3,57
2017/12/15,0,0.2,61
2017/12/16,4.5,0.7,73
2017/12/17,0.5,6.8,57
2017/12/18,1,2.2,74
2017/12/19,1.5,0,72
2017/12/20,1,1.3,71
2017/12/21,1.5,0.3,78
2017/12/22,0,0.6,70
2017/12/23,0.5,2.3,73
2017/12/24,0.5,1.3,71
2017/12/25,4,2.7,68
2017/12/26,7,0,70
2017/12/27,2,1.6,57
2017/12/28,2.5,3.1,62
2017/12/29,1.5,2.1,63
2017/12/30,2,2.9,75
2017/12/31,0.5,6.2,74
2018/1/1,9.5,0.3,87
2018/1/2,3,2.5,73
2018/1/3,3.5,0.9,71
2018/1/4,4.5,0.1,75
2018/1/5,0.5,0,66
2018/1/6,12,2.4,72
2018/1/7,3,5.1,64
2018/1/8,0.5,0.4,69
2018/1/9,8.5,1.4,79
2018/1/10,0.5,4.7,54
2018/1/11,0.5,7.5,52
2018/1/12,9.5,5.1,77
2018/1/13,1,5.6,74
2018/1/14,2,4.2,67
2018/1/15,3.5,0.8,75
2018/1/16,1,1.3,55
2018/1/17,1,3,69
2018/1/18,2.5,0.1,77
2018/1/19,1.5,3.3,57
2018/1/20,0.5,5.8,64
2018/1/21,1,2.2,55
2018/1/22,0,3.4,63
2018/1/23,4.5,2.1,66
2018/1/24,0,5.7,46
2018/1/25,5,3.4,60
2018/1/26,10.5,3.2,66
2018/1/27,2.5,3.5,62
2018/1/28,6,1.3,68
2018/1/29,1.5,3.5,57
2018/1/30,0,4,58
2018/1/31,0,1.6,70
2018/2/1,0,7.7,67
2018/2/2,0,8.6,64
2018/2/3,0.5,1.1,64
2018/2/4,0.5,1.8,75
2018/2/5,3,0,81
2018/2/6,0,6.6,67
2018/2/7,1,3.8,62
2018/2/8,1.5,4.4,62
2018/2/9,0,6.7,57
2018/2/10,0,0,77
2018/2/11,5,1.7,77
2018/2/12,4,0,68
2018/2/13,2.5,2.4,68
2018/2/14,2,1.7,71
2018/2/15,3,2.7,63
2018/2/16,1.5,6.8,62
2018/2/17,3.5,4.1,65
2018/2/18,5,2.5,64
2018/2/19,1.5,3.4,68
2018/2/20,1,3.4,59
2018/2/21,0.5,6.4,52
2018/2/22,0,7.4,54
2018/2/23,6,4.6,70
2018/2/24,0.5,5.2,49
2018/2/25,0,4.3,56
2018/2/26,0.5,4.7,63
2018/2/27,0,9.3,59
2018/2/28,0,4,68
2018/3/1,35,0,85
2018/3/2,9,0.1,71
2018/3/3,0.5,2.2,68
2018/3/4,2.5,2.9,66
2018/3/5,0,0,57
2018/3/6,1.5,3.3,59
2018/3/7,0,5.5,49
2018/3/8,10,0,73
2018/3/9,24.5,0,85
2018/3/10,0,9.4,57
2018/3/11,0.5,7.5,61
2018/3/12,2,3.8,71
2018/3/13,0.5,0,69
2018/3/14,0,4.5,70
2018/3/15,7,3.1,82
2018/3/16,15,1.6,74
2018/3/17,2,8.2,57
2018/3/18,0,8.6,56
2018/3/19,0.5,5.3,51
2018/3/20,4.5,3.5,66
2018/3/21,0,10.8,55
2018/3/22,0,0.2,59
2018/3/23,0,9.2,55
2018/3/24,0,9.9,51
2018/3/25,0.5,10.5,55
2018/3/26,0,4.4,68
2018/3/27,0,11.4,56
2018/3/28,0,4.4,59
2018/3/29,0,10,55
2018/3/30,0,10.4,42
2018/3/31,0,8.4,40
2018/4/1,3.5,0,76
2018/4/2,0,11.2,65
2018/4/3,1,0,80
2018/4/4,0.5,1.7,35
2018/4/5,0,6.6,35
2018/4/6,0,0,65
2018/4/7,1.5,0.9,76
2018/4/8,3,3.8,58
2018/4/9,1,2.4,57
2018/4/10,2.5,11.9,41
2018/4/11,8,1.1,65
2018/4/12,1.5,7.8,59
2018/4/13,0.5,6.6,55
2018/4/14,0.5,3.7,58
2018/4/15,11,0,84
2018/4/16,0.5,7.6,59
2018/4/17,0,12.5,43
2018/4/18,0,12.4,53
2018/4/19,0,11.1,51
2018/4/20,0,10.8,66
2018/4/21,0,10.5,52
2018/4/22,0,7.4,63
2018/4/23,0,11.8,51
2018/4/24,0,0.8,61
2018/4/25,1.5,0,62
2018/4/26,0,7.6,55
2018/4/27,0,9.3,46
2018/4/28,0,7.5,31
2018/4/29,0,11.9,48
2018/4/30,0,5.2,46
2018/5/1,0,9.6,76
2018/5/2,0,1.2,63
2018/5/3,15.5,1.1,81
2018/5/4,0,6.4,58
2018/5/5,0,0.9,64
2018/5/6,14.5,0.4,80
2018/5/7,0,12.7,69
2018/5/8,0,6.4,69
2018/5/9,0,6.6,62
2018/5/10,0,7.1,64
2018/5/11,0.5,12.2,59
2018/5/12,0,12.1,54
2018/5/13,4,0,69
2018/5/14,1,0.1,89
2018/5/15,0,11.9,60
2018/5/16,0,7.6,57
2018/5/17,0,5.8,60
2018/5/18,9.5,0,65
2018/5/19,15.5,0,69
2018/5/20,0,12.6,48
2018/5/21,0,12.6,54
2018/5/22,0,13.3,38
2018/5/23,0,2.5,46
2018/5/24,0,11.5,49
2018/5/25,0,4,62
2018/5/26,0,8.7,66
2018/5/27,0,8.7,63
2018/5/28,0,4.1,58
2018/5/29,0,13.4,58
2018/5/30,0,10.3,52
2018/5/31,5.5,1.6,83
2018/6/1,0,9.5,77
2018/6/2,0,9.2,62
2018/6/3,0,6.4,56
2018/6/4,0,13.4,49
2018/6/5,0,6.1,51
2018/6/6,0,12.7,48
2018/6/7,0,7.5,57
2018/6/8,30.5,0,91
2018/6/9,0,0.6,70
2018/6/10,0,11,59
2018/6/11,0,4.8,71
2018/6/12,54.5,0,92
2018/6/13,8,0,87
2018/6/14,0,4.9,64
2018/6/15,0,9.5,59
2018/6/16,0,5.9,66
2018/6/17,0.5,4,66
2018/6/18,0.5,4.1,70
2018/6/19,0,13.8,65
2018/6/20,7,2.2,78
2018/6/21,3,4.9,70
2018/6/22,0.5,6.4,65
2018/6/23,0,3.7,50
2018/6/24,0,3.2,73
2018/6/25,1.5,2.4,69
2018/6/26,0,4.3,63
2018/6/27,35,0,88
2018/6/28,0,1.6,82
2018/6/29,0.5,0,81
2018/6/30,0,8,77
2018/7/1,5,0,89
2018/7/2,38.5,0.1,90
2018/7/3,6,0,91
2018/7/4,8,0.3,91
2018/7/5,61,0,86
2018/7/6,0,8.2,64
2018/7/7,0,0,69
2018/7/8,0,9.9,67
2018/7/9,0,1.5,72
2018/7/10,19.5,1.4,82
2018/7/11,9.5,6.6,83
2018/7/12,0,8.7,71
2018/7/13,0.5,0.3,80
2018/7/14,0.5,3.9,76
2018/7/15,6.5,0.3,84
2018/7/16,0.5,0,86
2018/7/17,0,4.7,76
2018/7/18,0,3.5,76
2018/7/19,0,6.5,80
2018/7/20,0,11.2,75
2018/7/21,0,2.4,77
2018/7/22,0,2.5,78
2018/7/23,0,10.4,72
2018/7/24,0,8.8,70
2018/7/25,0,13.1,71
2018/7/26,0,9.7,74
2018/7/27,0,12.5,72
2018/7/28,0,13.5,69
2018/7/29,0,13.1,73
2018/7/30,0,11.9,73
2018/7/31,0,12.4,72
2018/8/1,0,8.6,67
2018/8/2,0,12.3,61
2018/8/3,0,9.8,72
2018/8/4,0,1.8,66
2018/8/5,0,6.5,73
2018/8/6,0,10.1,67
2018/8/7,0,13.2,64
2018/8/8,0,5,63
2018/8/9,2.5,0,86
2018/8/10,17,1.1,91
2018/8/11,24.5,0,94
2018/8/12,0.5,4.5,80
2018/8/13,29,0.7,88
2018/8/14,7,0,91
2018/8/15,31.5,0,97
2018/8/16,44,0,93
2018/8/17,7,3.5,74
2018/8/18,0,8,70
2018/8/19,3.5,0.2,77
2018/8/20,0,7.7,77
2018/8/21,6,0.4,81
2018/8/22,9,3.9,81
2018/8/23,0,7.2,69
2018/8/24,8,0.2,83
2018/8/25,24,0.8,87
2018/8/26,0,2.7,82
2018/8/27,1,7,82
2018/8/28,0,2.5,78
2018/8/29,0,5,74
2018/8/30,11.5,0,88
2018/8/31,2.5,0.7,89
2018/9/1,0.5,7.1,76
2018/9/2,0,12.1,65
2018/9/3,1.5,2.4,82
2018/9/4,3.5,3,78
2018/9/5,35,6.8,70
2018/9/6,0,6.4,64
2018/9/7,0,0.4,74
2018/9/8,0,4.3,65
2018/9/9,0,0.3,63
2018/9/10,0,0.2,62
2018/9/11,0,11.2,65
2018/9/12,0,10.8,67
2018/9/13,0.5,8.4,75
2018/9/14,0.5,10.4,76
2018/9/15,0,10.8,71
2018/9/16,0,5.4,72
2018/9/17,0,10.9,58
2018/9/18,0,9.7,50
2018/9/19,0,10.3,51
2018/9/20,0,10.9,55
2018/9/21,0,8.8,62
2018/9/22,3,0.5,70
2018/9/23,0,7.3,80
2018/9/24,1.5,2.3,76
2018/9/25,0,6,63
2018/9/26,1.5,4.7,72
2018/9/27,0,1.6,70
2018/9/28,1,3.3,79
2018/9/29,0,8.1,72
2018/9/30,1,0,83
2018/10/1,16.5,0.2,83
2018/10/2,10.5,6.8,68
2018/10/3,1,6.2,64
2018/10/4,0,10.9,60
2018/10/5,0,8,67
2018/10/6,9.5,0,79
2018/10/7,22.5,1,92
2018/10/8,0,6.9,72
2018/10/9,2.5,8.1,62
2018/10/10,0,0.5,64
2018/10/11,1,0.7,80
2018/10/12,8.5,4.6,75
2018/10/13,0.5,5.5,73
2018/10/14,1.5,4.8,80
2018/10/15,0.5,6.3,73
2018/10/16,0.5,4.3,70
2018/10/17,0,6.9,61
2018/10/18,2.5,5.4,72
2018/10/19,0,9.9,71
2018/10/20,0,6.8,70
2018/10/21,0,9.1,71
2018/10/22,0,9.4,74
2018/10/23,0,2.9,80
2018/10/24,17.5,3.9,75
2018/10/25,0.5,7.2,61
2018/10/26,0,7.2,70
2018/10/27,60.5,2.6,75
2018/10/28,1.5,3.6,70
2018/10/29,13.5,5.1,62
2018/10/30,4,5.3,66
2018/10/31,12,1.3,84
2018/11/1,7.5,1.8,89
2018/11/2,0,5,77
2018/11/3,0,9.4,74
2018/11/4,0.5,8.1,70
2018/11/5,0,3.1,82
2018/11/6,0,0.2,79
2018/11/7,1,4.9,61
2018/11/8,2.5,5.8,77
2018/11/9,3.5,0.1,82
2018/11/10,2,1.9,66
2018/11/11,0,2.8,67
2018/11/12,0,3.6,61
2018/11/13,6,2.1,78
2018/11/14,5,1.6,86
2018/11/15,2.5,2.8,73
2018/11/16,3.5,0.3,63
2018/11/17,1,4.7,58
2018/11/18,0,1.7,54
2018/11/19,4.5,0,76
2018/11/20,1,3.6,65
2018/11/21,7.5,2.2,76
2018/11/22,13,0.9,81
2018/11/23,2,7.6,59
2018/11/24,0,5.7,68
2018/11/25,0,2.1,75
2018/11/26,6.5,6.4,62
2018/11/27,0.5,4.2,64
2018/11/28,1.5,6.3,59
2018/11/29,1,4,67
2018/11/30,0.5,3.9,67
2018/12/1,1.5,0.5,71
2018/12/2,0,8.4,57
2018/12/3,0,8.1,68
2018/12/4,10.5,0,88
2018/12/5,1.5,1.6,67
2018/12/6,0,0.4,76
2018/12/7,13,0,84
2018/12/8,2,0.5,75
2018/12/9,0.5,1.9,63
2018/12/10,0,8.1,57
2018/12/11,0,0.2,78
2018/12/12,2,0,83
2018/12/13,0,7.5,71
2018/12/14,14,1.8,79
2018/12/15,1,4.2,67
2018/12/16,1,0.9,74
2018/12/17,1.5,0,92
2018/12/18,5,1.7,78
2018/12/19,3,1.3,77
2018/12/20,0,4.7,57
2018/12/21,0,2.8,64
2018/12/22,0.5,0.5,89
2018/12/23,1.5,0,83
2018/12/24,1,3.5,65
2018/12/25,0,2.7,68
2018/12/26,2.5,3.8,73
2018/12/27,3,1.3,70
2018/12/28,3.5,5.8,62
2018/12/29,2,3,63
2018/12/30,12.5,0.5,76
2018/12/31,3.5,0.1,85
2019/1/1,1,1.3,73
2019/1/2,0,4.9,68
2019/1/3,0,0.4,66
2019/1/4,0.5,1.2,63
2019/1/5,5.5,3.2,77
2019/1/6,3.5,4.2,68
2019/1/7,3.5,3.6,74
2019/1/8,0,3.7,68
2019/1/9,3,4.7,63
2019/1/10,2,6.1,60
2019/1/11,15,0.3,77
2019/1/12,0.5,1.1,70
2019/1/13,0,6.9,66
2019/1/14,0,8,70
2019/1/15,3.5,0.1,79
2019/1/16,2,6.3,68
2019/1/17,6,0,74
2019/1/18,6,2.7,72
2019/1/19,0,6.8,58
2019/1/20,1,0.1,74
2019/1/21,0.5,4.9,57
2019/1/22,0,6.6,60
2019/1/23,4.5,2.8,78
2019/1/24,4,0.1,77
2019/1/25,13,0.1,87
2019/1/26,2.5,2,79
2019/1/27,0,6,69
2019/1/28,1.5,1.7,75
2019/1/29,2,0.8,74
2019/1/30,0.5,5.5,69
2019/1/31,4.5,6.4,65
2019/2/1,0.5,5.9,56
2019/2/2,1.5,5.8,58
2019/2/3,0,6.3,57
2019/2/4,2.5,0.7,75
2019/2/5,1,4.8,66
2019/2/6,6,0,86
2019/2/7,7,0,80
2019/2/8,0,1.4,56
2019/2/9,0.5,2.3,60
2019/2/10,0,5.6,59
2019/2/11,0,7.1,54
2019/2/12,1,5.2,65
2019/2/13,0.5,4.6,63
2019/2/14,4,3.4,66
2019/2/15,0,4.9,58
2019/2/16,0.5,1.9,68
2019/2/17,0,0,72
2019/2/18,0.5,4.7,55
2019/2/19,0,0.4,69
2019/2/20,1.5,0,88
2019/2/21,1.5,7,70
2019/2/22,0,8.5,58
2019/2/23,1.5,1.3,71
2019/2/24,0,8.8,54
2019/2/25,1.5,3.5,67
2019/2/26,1,3,68
2019/2/27,0,10,47
2019/2/28,0,7,61
2019/3/1,0,7.5,60
2019/3/2,0,0.8,57
2019/3/3,0,10.1,63
2019/3/4,0,5.8,76
2019/3/5,0,9.1,67
2019/3/6,0,2.6,73
2019/3/7,0,10.1,54
2019/3/8,0,5.9,56
2019/3/9,0.5,3.4,55
2019/3/10,0,10.3,62
2019/3/11,0,0,62
2019/3/12,3,1,83
2019/3/13,3,0.7,76
2019/3/14,2.5,8.1,62
2019/3/15,1,2.7,71
2019/3/16,6.5,0.6,87
2019/3/17,0,3,73
2019/3/18,0,9.5,50
2019/3/19,0,5.9,65
2019/3/20,0,9,74
2019/3/21,1.5,0,74
2019/3/22,6,2,78
2019/3/23,4.5,3.2,70
2019/3/24,2.5,2.7,65
2019/3/25,0,8.4,66
2019/3/26,1,5.5,67
2019/3/27,5.5,5,62
2019/3/28,1,4.8,54
2019/3/29,0.5,5.4,58
2019/3/30,0,9.8,44
2019/3/31,0,4.4,54
2019/4/1,0,5.3,64
2019/4/2,1,1.4,75
2019/4/3,1.5,7.3,63
2019/4/4,0,8.5,56
2019/4/5,1,2.3,75
2019/4/6,3,3.8,65
2019/4/7,0.5,6.4,67
2019/4/8,0,8.2,67
2019/4/9,0,6.8,64
2019/4/10,0,10.5,58
2019/4/11,0,8.1,60
2019/4/12,0,8.7,60
2019/4/13,0,12.5,41
2019/4/14,0,8,40
2019/4/15,17.5,0.5,81
2019/4/16,0,12.5,59
2019/4/17,0,12.2,44
2019/4/18,0,9.1,38
2019/4/19,1.5,7.2,49
2019/4/20,0,11.4,49
2019/4/21,0,11.2,51
2019/4/22,0,12.4,48
2019/4/23,0,2.4,42
2019/4/24,0,6.2,61
2019/4/25,0.5,6.3,73
2019/4/26,2.5,0,76
2019/4/27,1,0.1,77
2019/4/28,0,11.9,52
2019/4/29,0,13.2,49
2019/4/30,0.5,9,57
2019/5/1,0.5,1.8,81
2019/5/2,2.5,1.5,79
2019/5/3,0.5,6.5,53
2019/5/4,0,13.4,49
2019/5/5,0,13.4,37
2019/5/6,8,4.7,52
2019/5/7,12.5,6.5,61
2019/5/8,3,4,69
2019/5/9,0,12.5,62
2019/5/10,0,1.2,81
2019/5/11,0,10.4,63
2019/5/12,0,11.9,61
2019/5/13,0,13.5,59
2019/5/14,0,13.4,47
2019/5/15,0,0.6,71
2019/5/16,0,12.7,70
2019/5/17,0,13.2,71
2019/5/18,0,12.6,63
2019/5/19,0,13.4,62
2019/5/20,0,11,75
2019/5/21,1.5,0,86
2019/5/22,0,11.3,56
2019/5/23,0,9.6,58
2019/5/24,0,12,67
2019/5/25,0,13.4,49
2019/5/26,0,12.7,52
2019/5/27,0,13.3,39
2019/5/28,0,2.9,54
2019/5/29,1,4.6,55
2019/5/30,0,10,46
2019/5/31,0,2.8,59
2019/6/1,2.5,10.9,54
2019/6/2,0,9.9,59
2019/6/3,0,13.7,50
2019/6/4,1,0.7,81
2019/6/5,6.5,0.5,91
2019/6/6,0,8.5,72
2019/6/7,0,1.8,81
2019/6/8,0,13,74
2019/6/9,0,9.4,77
2019/6/10,0,13.7,63
2019/6/11,0,11.7,62
2019/6/12,0,5.6,72
2019/6/13,0,0.3,82
2019/6/14,0,11.2,68
2019/6/15,2.5,2.8,82
2019/6/16,12.5,0,80
2019/6/17,1,2.1,77
2019/6/18,0.5,3.4,63
2019/6/19,2,8.7,62
2019/6/20,10.5,8,72
2019/6/21,0.5,0,79
2019/6/22,30,0,88
2019/6/23,1.5,5.4,72
2019/6/24,0,13.2,72
2019/6/25,0,11.3,73
2019/6/26,0,10.9,74
2019/6/27,0,7.9,79
2019/6/28,0,0.1,84
2019/6/29,0,0,70
2019/6/30,0,8.4,74
2019/7/1,0,3.1,74
2019/7/2,4.5,4.1,84
2019/7/3,0.5,0,89
2019/7/4,0,2.1,79
2019/7/5,0,1.6,81
2019/7/6,0,12.8,70
2019/7/7,0,14.1,68
2019/7/8,0,14,70
2019/7/9,0,14,69
2019/7/10,0,12.7,70
2019/7/11,0,10.8,67
2019/7/12,9,0,83
2019/7/13,7,2.2,85
2019/7/14,3.5,2.6,80
2019/7/15,0,2,74
2019/7/16,0,2.7,73
2019/7/17,0,9.5,75
2019/7/18,0,6.7,76
2019/7/19,1.5,4.1,82
2019/7/20,1,4.8,76
2019/7/21,0,13.6,69
2019/7/22,0,10.3,75
2019/7/23,0.5,2.1,75
2019/7/24,0,1.3,79
2019/7/25,0.5,1.6,82
2019/7/26,3,0.1,82
2019/7/27,0.5,4.4,83
2019/7/28,0,12.4,81
2019/7/29,0,7.4,71
2019/7/30,0,5.4,66
2019/7/31,0,2.6,69
2019/8/1,0,6.1,70
2019/8/2,0,10.4,72
2019/8/3,0,12.3,76
2019/8/4,0,10.6,67
2019/8/5,0,10.8,73
2019/8/6,0,10.2,76
2019/8/7,0,2.6,77
2019/8/8,26,0,90
2019/8/9,19,1,83
2019/8/10,7.5,0.6,78
2019/8/11,0,3.9,76
2019/8/12,0.5,0.3,80
2019/8/13,0,6.6,81
2019/8/14,0,11.3,70
2019/8/15,0,6.8,76
2019/8/16,16.5,0,89
2019/8/17,2,6.6,73
2019/8/18,0,6.9,80
2019/8/19,0,10.8,75
2019/8/20,18.5,0.4,85
2019/8/21,0,6.8,78
2019/8/22,0,1.3,76
2019/8/23,25,0,92
2019/8/24,0.5,2.2,87
2019/8/25,2.5,5.2,81
2019/8/26,0,3.4,78
2019/8/27,0,9.7,72
2019/8/28,25,0.9,87
2019/8/29,1.5,3.4,86
2019/8/30,0,6.8,76
2019/8/31,0,6.7,73
2019/9/1,0,10.8,59
2019/9/2,3.5,10.7,60
2019/9/3,0,11.2,68
2019/9/4,0,11.1,64
2019/9/5,0,8.4,66
2019/9/6,3.5,3.2,75
2019/9/7,0,1.9,87
2019/9/8,0,9,80
2019/9/9,0,7.2,74
2019/9/10,0,11.2,66
2019/9/11,13.5,0,82
2019/9/12,9.5,6.1,72
2019/9/13,0,10.6,67
2019/9/14,0,3,69
2019/9/15,3,2.6,84
2019/9/16,4,0.1,86
2019/9/17,0,9.5,66
2019/9/18,1,2.9,66
2019/9/19,5.5,6.5,66
2019/9/20,0,7.4,57
2019/9/21,0,10.8,64
2019/9/22,0,3.6,74
2019/9/23,64,0,91
2019/9/24,0.5,7.3,63
2019/9/25,0,9.1,48
2019/9/26,0,10.9,60
2019/9/27,0,9.9,71
2019/9/28,0,10.9,66
2019/9/29,0.5,4.7,72
2019/9/30,0,7.9,76
2019/10/1,0,10.8,64
2019/10/2,0,9.9,73
2019/10/3,0.5,4.3,74
2019/10/4,37,0,95
2019/10/5,3,0.1,84
2019/10/6,0.5,8.5,68
2019/10/7,2,3.5,82
2019/10/8,23.5,0,87
2019/10/9,4,3,66
2019/10/10,0,10.5,70
2019/10/11,0,2.9,75
2019/10/12,0,0.2,66
2019/10/13,0,2.1,58
2019/10/14,3,6.2,68
2019/10/15,0.5,6.3,59
2019/10/16,0.5,4.1,65
2019/10/17,1.5,3.4,59
2019/10/18,0,9.8,62
2019/10/19,18.5,0,87
2019/10/20,0,9.7,70
2019/10/21,0,9.5,72
2019/10/22,0,6.3,75
2019/10/23,0,9.8,78
2019/10/24,0,7.9,62
2019/10/25,0,0,66
2019/10/26,0,0,70
2019/10/27,0,4.5,61
2019/10/28,0,9.5,62
2019/10/29,2,6.3,69
2019/10/30,0.5,4.8,62
2019/10/31,0,4.7,66
2019/11/1,1,6.7,55
2019/11/2,0.5,5.6,55
2019/11/3,0,7.7,54
2019/11/4,0.5,3.1,60
2019/11/5,0,4.7,58
2019/11/6,0,2.5,53
2019/11/7,11.5,0,74
2019/11/8,1.5,0.2,67
2019/11/9,0,4,56
2019/11/10,0,8.5,56
2019/11/11,2,6.1,76
2019/11/12,2.5,2.6,69
2019/11/13,1,5.6,61
2019/11/14,5.5,5.4,69
2019/11/15,7.5,0,88
2019/11/16,3,3.8,73
2019/11/17,3,5.9,66
2019/11/18,11,0,76
2019/11/19,0,7.8,58
2019/11/20,3,2.3,69
2019/11/21,0,4.6,62
2019/11/22,0,8.2,65
2019/11/23,0,8.5,78
2019/11/24,0,2.1,77
2019/11/25,21,0,83
2019/11/26,0,4.6,68
2019/11/27,0.5,2.9,69
2019/11/28,5,4.2,61
2019/11/29,1.5,1.3,72
2019/11/30,0.5,2.6,61
2019/12/1,1,0.2,82
2019/12/2,20.5,0,92
2019/12/3,7,1.8,76
2019/12/4,3,2.8,72
2019/12/5,0,7.8,61
2019/12/6,0,3.7,69
2019/12/7,1.5,4.3,69
2019/12/8,1,4.7,64
2019/12/9,0,7.5,62
2019/12/10,0,4.3,72
2019/12/11,1,1.8,87
2019/12/12,6.5,2.3,71
2019/12/13,0,4.8,59
2019/12/14,4,0,80
2019/12/15,0.5,1,64
2019/12/16,0,2.9,78
2019/12/17,0.5,0,82
2019/12/18,0.5,1.3,72
2019/12/19,0,2.5,62
2019/12/20,1.5,1.1,69
2019/12/21,0,4.9,64
2019/12/22,0.5,2.9,69
2019/12/23,0,3.2,72
2019/12/24,0.5,3.5,59
2019/12/25,0,4.6,64
2019/12/26,1,1.8,79
2019/12/27,0.5,0,73
2019/12/28,6.5,1.8,79
2019/12/29,0,5.3,59
2019/12/30,1,1.6,76
2019/12/31,3.5,3.8,73
2020/1/1,2.5,0.2,76
2020/1/2,0,1.2,70
2020/1/3,0.5,1.6,63
2020/1/4,1.5,5.2,63
2020/1/5,2,2.2,66
2020/1/6,1.5,1.1,65
2020/1/7,1.5,0.3,79
2020/1/8,2,0,83
2020/1/9,0,4.4,67
2020/1/10,0,8.2,62
2020/1/11,0,1.9,81
2020/1/12,0,0.8,79
2020/1/13,0,6.1,65
2020/1/14,0,2,66
2020/1/15,1,1.5,80
2020/1/16,1.5,6,73
2020/1/17,0,3.3,65
2020/1/18,0,4.2,64
2020/1/19,0,5.6,70
2020/1/20,14,0,89
2020/1/21,6,3.3,72
2020/1/22,0.5,4.5,70
2020/1/23,0.5,8.5,70
2020/1/24,2.5,1.4,68
2020/1/25,4.5,3.7,68
2020/1/26,1.5,5.2,68
2020/1/27,0,4.1,62
2020/1/28,0,7.3,68
2020/1/29,5,0,87
2020/1/30,1,0,81
2020/1/31,2,0,70
2020/2/1,0,2.7,64
2020/2/2,0,2.1,70
2020/2/3,8,0,79
2020/2/4,6.5,5.6,63
2020/2/5,26,4.9,79
2020/2/6,5.5,3,72
2020/2/7,4,2.1,70
2020/2/8,3,4.6,67
2020/2/9,8.5,7.1,62
2020/2/10,5,0.1,80
2020/2/11,1.5,4.6,78
2020/2/12,0,1.4,76
2020/2/13,0,3.9,84
2020/2/14,0.5,0.7,86
2020/2/15,5.5,4.1,70
2020/2/16,9,0,67
2020/2/17,14.5,0,89
2020/2/18,11.5,1.1,88
2020/2/19,6.5,1.6,77
2020/2/20,0.5,5.1,63
2020/2/21,0,5.6,58
2020/2/22,4.5,0.1,74
2020/2/23,13.5,0,82
2020/2/24,7.5,3.7,75
2020/2/25,5.5,2.2,79
2020/2/26,0,10.2,64
2020/2/27,2.5,10.1,66
2020/2/28,6.5,4.7,77
2020/2/29,1,8.3,61
2020/3/1,3.5,0.3,86
2020/3/2,1.5,1.5,77
2020/3/3,2.5,0.7,82
2020/3/4,1.5,1.4,74
2020/3/5,28,0,93
2020/3/6,0,1.5,70
2020/3/7,0,5.4,59
2020/3/8,0,3.8,73
2020/3/9,0,7.1,75
2020/3/10,24,0,89
2020/3/11,11,0.6,91
2020/3/12,7,7.5,62
2020/3/13,12,7,66
2020/3/14,0,6.7,59
2020/3/15,0,10.9,59
2020/3/16,2,4.1,65
2020/3/17,0,7.4,60
2020/3/18,0,10.4,54
2020/3/19,0,8.6,65
2020/3/20,4,2.7,71
2020/3/21,0.5,6.8,47
2020/3/22,0,8,56
2020/3/23,5.5,3.8,72
2020/3/24,2.5,3.9,70
2020/3/25,0,11.5,52
2020/3/26,0,9.7,66
2020/3/27,1,3.2,74
2020/3/28,1,6,50
2020/3/29,0,11.7,44
2020/3/30,0,11.8,51
2020/3/31,0,10.2,54
2020/4/1,0,7.6,71
2020/4/2,0,1.3,56
2020/4/3,0,11.7,47
2020/4/4,0,10,69
2020/4/5,3,3.4,63
2020/4/6,2,2.1,82
2020/4/7,0.5,0,77
2020/4/8,1,5.7,69
2020/4/9,14.5,0.2,85
2020/4/10,2,5.5,77
2020/4/11,0.5,6.3,61
2020/4/12,0,10.9,57
2020/4/13,0,11.4,60
2020/4/14,0,12.5,59
2020/4/15,0,5.5,60
2020/4/16,0,8.7,57
2020/4/17,0,12.4,58
2020/4/18,0,8.5,68
2020/4/19,0,11.6,52
2020/4/20,16,1.5,70
2020/4/21,1.5,5.9,58
2020/4/22,0.5,6.3,51
2020/4/23,1.5,2.6,74
2020/4/24,0,3.7,55
2020/4/25,6.5,3.5,71
2020/4/26,0.5,0.4,81
2020/4/27,1.5,5.4,76
2020/4/28,0,8.9,50
2020/4/29,1,2.5,68
2020/4/30,0,11.3,55
2020/5/1,0,3.6,58
2020/5/2,1,8.9,73
2020/5/3,0,6.8,70
2020/5/4,2,0.9,70
2020/5/5,1.5,7.7,71
2020/5/6,6.5,0.7,76
2020/5/7,0,9.7,74
2020/5/8,0,12.4,43
2020/5/9,0,7.7,43
2020/5/10,9.5,0,82
2020/5/11,2,4.5,79
2020/5/12,0,11.2,58
2020/5/13,0,6.6,59
2020/5/14,0,9.6,47
2020/5/15,0,13,50
2020/5/16,0,0.8,72
2020/5/17,0,1.4,81
2020/5/18,0,3.2,65
2020/5/19,0,12.2,57
2020/5/20,0,0.9,56
2020/5/21,0,13.7,54
2020/5/22,0,7.5,68
2020/5/23,0,9.2,73
2020/5/24,3,5.7,77
2020/5/25,8,2.5,79
2020/5/26,0,0.4,86
2020/5/27,12,0.6,90
2020/5/28,0,3.5,81
2020/5/29,0,12.2,61
2020/5/30,0,14.1,46
2020/5/31,0,14.1,46
2020/6/1,0,13.9,49
2020/6/2,0,6.3,61
2020/6/3,0,8.4,54
2020/6/4,4.5,9.4,62
2020/6/5,0,11.4,76
2020/6/6,0,3.2,81
2020/6/7,0.5,8.1,81
2020/6/8,0,0.5,78
2020/6/9,0,9.9,65
2020/6/10,0,5.8,61
2020/6/11,1.5,1,71
2020/6/12,0,8.5,56
2020/6/13,2.5,8.1,58
2020/6/14,0,5.9,68
2020/6/15,0,5.6,74
2020/6/16,2,2.6,79
2020/6/17,1,4.7,84
2020/6/18,3.5,0.9,87
2020/6/19,0,0,87
2020/6/20,0,3.6,76
2020/6/21,0,7.3,66
2020/6/22,0,0,81
2020/6/23,0,2.3,75
2020/6/24,0,6,75
2020/6/25,0.5,0,71
2020/6/26,1,0,77
2020/6/27,3,1.3,80
2020/6/28,18,0.2,85
2020/6/29,13.5,0,92
2020/6/30,0,7.5,76
2020/7/1,0.5,4.9,83
2020/7/2,17,0,95
2020/7/3,0,10.2,76
2020/7/4,0,10.5,74
2020/7/5,0,9.8,74
2020/7/6,0,13.7,72
2020/7/7,25.5,1,82
2020/7/8,5.5,1.3,87
2020/7/9,0,9.2,66
2020/7/10,0,7.3,64
2020/7/11,0,5.9,80
2020/7/12,0,5.7,77
2020/7/13,0,2.2,82
2020/7/14,0,7.2,73
2020/7/15,0,9.2,70
2020/7/16,0,1.6,74
2020/7/17,0,12.5,72
2020/7/18,0,13.8,71
2020/7/19,0,7.8,77
2020/7/20,0,10.3,76
2020/7/21,6,3,83
2020/7/22,0,2.5,83
2020/7/23,0,0,87
2020/7/24,0,7.1,80
2020/7/25,0,2.4,77
2020/7/26,0,7,72
2020/7/27,2,0.1,82
2020/7/28,0,7.1,71
2020/7/29,0,1.4,73
2020/7/30,0,13.3,71
2020/7/31,0,12,76
2020/8/1,0,10.6,72
2020/8/2,0,12.8,72
2020/8/3,4.5,10.6,79
2020/8/4,1,2.2,81
2020/8/5,7.5,2,80
2020/8/6,0.5,0,83
2020/8/7,3.5,3.2,76
2020/8/8,0,1.9,75
2020/8/9,0,7.9,77
2020/8/10,0,0.3,84
2020/8/11,1.5,4.1,74
2020/8/12,0.5,10.3,73
2020/8/13,0,10.8,70
2020/8/14,20,0.8,83
2020/8/15,14,7.1,80
2020/8/16,0,3.2,83
2020/8/17,0,7.6,80
2020/8/18,0,8.4,71
2020/8/19,0,9.2,68
2020/8/20,0.5,0.6,79
2020/8/21,0,0.6,69
2020/8/22,0,10.7,62
2020/8/23,0,12.2,71
2020/8/24,0,12.5,67
2020/8/25,0,6.8,77
2020/8/26,0,9.9,73
2020/8/27,0,9.6,77
2020/8/28,0,10.3,71
2020/8/29,6.5,1.4,86
2020/8/30,61.5,0,93
2020/8/31,2.5,1.9,77
2020/9/1,0,5.5,70
2020/9/2,0,8.3,79
2020/9/3,0,2.5,82
2020/9/4,0,4.1,79
2020/9/5,0,6.2,82
2020/9/6,0,11.5,74
2020/9/7,0,8.2,79
2020/9/8,0,4.3,71
2020/9/9,0,9.7,65
2020/9/10,7.5,0,87
2020/9/11,1.5,1.4,81
2020/9/12,4,0,80
2020/9/13,6,0,87
2020/9/14,4.5,1.5,79
2020/9/15,1.5,4.8,83
2020/9/16,8.5,3.8,84
2020/9/17,1,1.2,83
2020/9/18,15,0,89
2020/9/19,0,7.8,61
2020/9/20,1.5,6.2,70
2020/9/21,0,4,73
2020/9/22,0,7.8,75
2020/9/23,0,1.7,75
2020/9/24,0,9.5,72
2020/9/25,1.5,2,68
2020/9/26,0.5,1.4,69
2020/9/27,0,1.4,67
2020/9/28,0.5,6.8,68
2020/9/29,0,8.7,72
2020/9/30,0,9.8,74
2020/10/1,8.5,1.5,77
2020/10/2,5,1.7,87
2020/10/3,7.5,4,76
2020/10/4,2.5,0.7,74
2020/10/5,4,6.9,69
2020/10/6,2,3.2,72
2020/10/7,0,4.3,67
2020/10/8,0,3.1,63
2020/10/9,0,8.4,65
2020/10/10,0,3.8,70
2020/10/11,0,9.7,68
2020/10/12,7,1.8,86
2020/10/13,1.5,3.3,74
2020/10/14,0.5,8,59
2020/10/15,0,2.1,61
2020/10/16,0.5,4,64
2020/10/17,0,6.8,67
2020/10/18,0,9.8,58
2020/10/19,0,6.8,60
2020/10/20,0,8.2,60
2020/10/21,0,8,64
2020/10/22,0,5.8,66
2020/10/23,11,0,80
2020/10/24,1,4.6,61
2020/10/25,2.5,2.5,67
2020/10/26,3,4.6,72
2020/10/27,0,5.3,73
2020/10/28,0,8.8,64
2020/10/29,4,6,62
2020/10/30,3.5,3.8,72
2020/10/31,2,5.4,75
2020/11/1,2,1.2,73
2020/11/2,4.5,3.7,70
2020/11/3,0.5,4.6,66
2020/11/4,2,1.8,73
2020/11/5,0,5.3,59
2020/11/6,0,4.3,59
2020/11/7,0,4.3,60
2020/11/8,4,5.2,62
2020/11/9,36.5,0.1,85
2020/11/10,1,7,68
2020/11/11,7,4.7,74
2020/11/12,0,8.8,71
2020/11/13,5,2.1,74
2020/11/14,0.5,0.1,63
2020/11/15,0,4,69
2020/11/16,0,0.8,61
2020/11/17,0,7,54
2020/11/18,1,0.1,74
2020/11/19,13,0,92
2020/11/20,7.5,0,94
2020/11/21,8,0.5,82
2020/11/22,5,0.5,81
2020/11/23,9.5,2.5,72
2020/11/24,1,4.1,63
2020/11/25,0,6.6,63
2020/11/26,2,2.3,61
2020/11/27,0,0,59
2020/11/28,3,0.1,74
2020/11/29,0,1.1,59
2020/11/30,0,1.2,67
2020/12/1,0,3.1,64
2020/12/2,0,3.2,62
2020/12/3,0,0.5,64
2020/12/4,0,3.7,60
2020/12/5,0,1.5,62
2020/12/6,0,2.1,64
2020/12/7,1,3.9,71
2020/12/8,0,3.8,60
2020/12/9,0,1.1,54
2020/12/10,0,3.4,72
2020/12/11,0,2.7,71
2020/12/12,0,4.2,67
2020/12/13,0,4.2,53
2020/12/14,0.5,5.4,58
2020/12/15,0,7.5,50
2020/12/16,2.5,4.4,68
2020/12/17,0,5.4,57
2020/12/18,2,3.7,70
2020/12/19,2,3.4,65
2020/12/20,4.5,1.5,69
2020/12/21,0,3.7,67
2020/12/22,0,2,65
2020/12/23,0,1.7,71
2020/12/24,1,3,82
2020/12/25,3,3,73
2020/12/26,4.5,1.3,60
2020/12/27,0,5.2,60
2020/12/28,2,0,74
2020/12/29,0,1.5,67
2020/12/30,2.5,0.2,79
2020/12/31,1,4.9,65
2021/1/1,2,0,65
2021/1/2,5.5,8,63
2021/1/3,3,1,79
2021/1/4,0.5,2.1,75
2021/1/5,0,6.8,63
2021/1/6,0,7.6,63
2021/1/7,4,0.9,74
2021/1/8,10.5,3.2,59
2021/1/9,0,6.2,60
2021/1/10,0,7.5,60
2021/1/11,0,4.6,66
2021/1/12,1,3.6,77
2021/1/13,7,1.2,88
2021/1/14,5,0.2,71
2021/1/15,1,1.5,59
2021/1/16,11.5,3,79
2021/1/17,4,3.6,71
2021/1/18,1,1.8,79
2021/1/19,11,0.3,78
2021/1/20,0,5.7,60
2021/1/21,0.5,2.1,80
2021/1/22,0,3.6,67
2021/1/23,4,0,83
2021/1/24,0,8.8,79
2021/1/25,0,5.5,73
2021/1/26,0.5,6.2,76
2021/1/27,1.5,2.5,67
2021/1/28,0,2.7,55
2021/1/29,12.5,0,83
2021/1/30,4.5,0.8,74
2021/1/31,0,8.5,58
2021/2/1,2,6.2,73
2021/2/2,1,5.4,65
2021/2/3,1,0.5,71
2021/2/4,0.5,1.8,67
2021/2/5,1,1,69
2021/2/6,3,0,87
2021/2/7,6,3.9,80
2021/2/8,3,6,70
2021/2/9,0,5.3,55
2021/2/10,0.5,0.4,69
2021/2/11,0.5,1.9,66
2021/2/12,0,7.7,65
2021/2/13,0,5.1,72
2021/2/14,0,6.3,76
2021/2/15,10,0,88
2021/2/16,10.5,0,80
2021/2/17,1.5,1.1,64
2021/2/18,14,2,79
2021/2/19,0.5,4.8,64
2021/2/20,2,4.4,71
2021/2/21,0,8.6,55
2021/2/22,0.5,5.6,69
2021/2/23,5,3.9,72
2021/2/24,1,8,51
2021/2/25,0,8,52
2021/2/26,10,6.5,71
2021/2/27,5,0.8,75
2021/2/28,0,9,69
2021/3/1,6,0,86
2021/3/2,32,0,89
2021/3/3,0.5,4.8,68
2021/3/4,0,10.1,72
2021/3/5,0,7.4,81
2021/3/6,5.5,3.7,70
2021/3/7,0,7.5,55
2021/3/8,0.5,6.5,60
2021/3/9,0,10.7,61
2021/3/10,4.5,0.3,72
2021/3/11,0,6.8,60
2021/3/12,0,10.3,76
2021/3/13,0,8.9,48
2021/3/14,0,3,59
2021/3/15,0,11.1,65
2021/3/16,0,2.6,52
2021/3/17,2,3,73
2021/3/18,3,0,79
2021/3/19,4,2,80
2021/3/20,0,7.6,57
2021/3/21,10,0,86
2021/3/22,1.5,4.4,63
2021/3/23,0.5,6.7,55
2021/3/24,0,6.7,58
2021/3/25,0,0,67
2021/3/26,5.5,2.2,81
2021/3/27,0,9.6,42
2021/3/28,0.5,7,68
2021/3/29,3.5,3,74
2021/3/30,0,4.7,58
2021/3/31,0,11.1,68
2021/4/1,0,10.4,64
2021/4/2,0,11,49
2021/4/3,0.5,0,75
2021/4/4,5,0.5,72
2021/4/5,0,10.5,55
2021/4/6,0,11.3,46
2021/4/7,0.5,9.7,62
2021/4/8,0,6.1,64
2021/4/9,0,5.5,60
2021/4/10,0,9.8,49
2021/4/11,0,12.4,49
2021/4/12,0,9.3,41
2021/4/13,3.5,1,78
2021/4/14,0,4.9,53
2021/4/15,0,7.8,45
2021/4/16,0,8.2,53
2021/4/17,6.5,0,87
2021/4/18,45,0,93
2021/4/19,4.5,6.5,62
2021/4/20,0,10.6,36
2021/4/21,0,12.2,39
2021/4/22,0,9.4,64
2021/4/23,0,12.6,59
2021/4/24,0,4.5,60
2021/4/25,13,1.6,82
2021/4/26,0,13,51
2021/4/27,0,12.8,48
2021/4/28,0,2.1,43
2021/4/29,0,3.4,61
2021/4/30,33.5,0,86
2021/5/1,2,1.2,77
2021/5/2,4.5,2.3,77
2021/5/3,9,3.2,82
2021/5/4,0,8.7,71
2021/5/5,0,1,70
2021/5/6,0,11.1,44
2021/5/7,0,8.5,42
2021/5/8,0.5,7.7,51
2021/5/9,3.5,5.9,59
2021/5/10,0.5,1.9,78
2021/5/11,0,3.8,80
2021/5/12,0,10,69
2021/5/13,0,0.4,70
2021/5/14,0,13.1,71
2021/5/15,0,4.5,50
2021/5/16,12.5,0,85
2021/5/17,15.5,0.3,82
2021/5/18,0,10.6,63
2021/5/19,1,11.1,70
2021/5/20,2,11.2,73
2021/5/21,2.5,0,76
2021/5/22,0,1.8,73
2021/5/23,3.5,0.4,88
2021/5/24,0.5,0,91
2021/5/25,0.5,7.7,78
2021/5/26,0,12.4,47
2021/5/27,2,1.1,66
2021/5/28,8,0,87
2021/5/29,8.5,1.2,85
2021/5/30,0,0.8,79
2021/5/31,0,6.6,71
2021/6/1,0,10.7,65
2021/6/2,0,9.1,64
2021/6/3,0,9.2,61
2021/6/4,28,0.4,84
2021/6/5,0,13.4,60
2021/6/6,0,9.7,62
2021/6/7,0,12.9,68
2021/6/8,0,8.5,74
2021/6/9,0,10.4,76
2021/6/10,0,13.7,59
2021/6/11,0,11.2,51
2021/6/12,0,3.2,71
2021/6/13,0,12.6,70
2021/6/14,0,3,84
2021/6/15,3,1.9,83
2021/6/16,0,9.4,78
2021/6/17,0,14,75
2021/6/18,0,10.2,78
2021/6/19,4.5,4.6,77
2021/6/20,14.5,1.6,81
2021/6/21,0,2.8,80
2021/6/22,0,14,60
2021/6/23,0,9.2,60
2021/6/24,0.5,1.5,77
2021/6/25,0,8.7,74
2021/6/26,0,13.8,66
2021/6/27,0,14,74
2021/6/28,0,9.8,81
2021/6/29,0,10.4,75
2021/6/30,0,6.8,72
2021/7/1,0,3.3,77
2021/7/2,0,7,74
2021/7/3,0,8.9,74
2021/7/4,0,12.3,65
2021/7/5,0.5,0.5,85
2021/7/6,4.5,0.1,88
2021/7/7,2,0,91
2021/7/8,0,4.6,78
2021/7/9,0,9.4,71
2021/7/10,0,3.5,75
2021/7/11,0,2.8,75
2021/7/12,0,5,77
2021/7/13,0,12.1,72
2021/7/14,0,13.9,70
2021/7/15,0,13.9,73
2021/7/16,0,13.3,71
2021/7/17,0,12.5,69
2021/7/18,0,13.8,66
2021/7/19,0,13.5,65
2021/7/20,0,11.5,80
2021/7/21,0,10.2,78
2021/7/22,0,9.8,75
2021/7/23,0,12.3,72
2021/7/24,0,13.1,71
2021/7/25,0,13.3,68
2021/7/26,0,13.5,61
2021/7/27,0,9.6,70
2021/7/28,0,12.8,66
2021/7/29,0.5,4,81
2021/7/30,0,11.5,74
2021/7/31,0,13.3,70
2021/8/1,0,1.2,69
2021/8/2,0,5.1,75
2021/8/3,0,5.5,73
2021/8/4,7.5,2.7,82
2021/8/5,0,9.2,75
2021/8/6,0,11.1,71
2021/8/7,0,12.2,73
2021/8/8,0,3.2,73
2021/8/9,10.5,0,84
2021/8/10,52.5,0,87
2021/8/11,3,8.6,67
2021/8/12,0,8.4,71
2021/8/13,0,11.9,67
2021/8/14,0,5.1,61
2021/8/15,0,0,72
2021/8/16,0.5,2.4,71
2021/8/17,0,7,74
2021/8/18,22.5,0,93
2021/8/19,0,6.9,84
2021/8/20,0,12.3,63
2021/8/21,0,11.4,60
2021/8/22,0.5,6.7,73
2021/8/23,5.5,7.2,77
2021/8/24,0,9.6,76
2021/8/25,5,0,91
2021/8/26,0,3.8,83
2021/8/27,0.5,1.2,77
2021/8/28,0,11.1,63
2021/8/29,0,6.5,56
2021/8/30,0.5,9.3,56
2021/8/31,0,7.8,59
2021/9/1,0,11.1,65
2021/9/2,0,10.8,67
2021/9/3,0,10.1,69
2021/9/4,30,9.7,75
2021/9/5,0,8.4,77
2021/9/6,0,9.3,71
2021/9/7,0,9.6,67
2021/9/8,0,0,77
2021/9/9,1.5,0.2,89
2021/9/10,0,10.1,77
2021/9/11,0,9.5,73
2021/9/12,13,1.1,78
2021/9/13,1,3.7,68
2021/9/14,0,8.9,62
2021/9/15,0,11.2,61
2021/9/16,0,9.2,68
2021/9/17,0,6.5,74
2021/9/18,0,4.4,79
2021/9/19,0,9.3,69
2021/9/20,0,9.1,59
2021/9/21,0,3.5,74
2021/9/22,1.5,0.4,84
2021/9/23,0.5,4.7,83
2021/9/24,4,6,69
2021/9/25,0,11,66
2021/9/26,0,9,71
2021/9/27,0,7.1,72
2021/9/28,0,1.8,78
2021/9/29,2.5,5.4,77
2021/9/30,19,0.1,92
2021/10/1,0,6.5,80
2021/10/2,14,2.9,82
2021/10/3,0,7.2,52
2021/10/4,0,2.5,72
2021/10/5,3.5,0,77
2021/10/6,5.5,6.1,67
2021/10/7,0,5.1,60
2021/10/8,0,8.8,68
2021/10/9,0,10.2,64
2021/10/10,0.5,4.3,76
2021/10/11,13.5,0.1,74
2021/10/12,0,10,70
2021/10/13,0,6.2,70
2021/10/14,0,9.4,71
2021/10/15,2.5,2.7,72
2021/10/16,3,3,74
2021/10/17,0.5,7.5,60
2021/10/18,0,5.3,59
2021/10/19,6,4.4,76
2021/10/20,26.5,0,92
2021/10/21,35,0.3,87
2021/10/22,0.5,4.9,81
2021/10/23,11,4.7,79
2021/10/24,0,9.3,70
2021/10/25,0,8.4,73
2021/10/26,0.5,5.1,83
2021/10/27,0,8.1,75
2021/10/28,10,1.8,78
2021/10/29,17.5,0.5,69
2021/10/30,0,9.6,70
2021/10/31,0.5,3.3,76
2021/11/1,0,5.9,77
2021/11/2,12.5,0,86
2021/11/3,3.5,0.5,83
2021/11/4,0,5.5,78
2021/11/5,0,5.9,74
2021/11/6,1,8.9,73
2021/11/7,1,0,88
2021/11/8,1,6.1,83
2021/11/9,58,0,89
2021/11/10,20,3,79
2021/11/11,4.5,7,59
2021/11/12,0,5.8,59
2021/11/13,0,1.7,64
2021/11/14,0,1.3,75
2021/11/15,2,3.6,66
2021/11/16,0,0.7,55
2021/11/17,0,4.7,57
2021/11/18,0,5.4,72
2021/11/19,7,3.8,73
2021/11/20,0.5,2.3,56
2021/11/21,0,1.8,69
2021/11/22,14,0,81
2021/11/23,0,6.8,59
2021/11/24,0.5,1.9,60
2021/11/25,0,0.7,75
2021/11/26,0,8,61
2021/11/27,25,0.2,85
2021/11/28,2.5,5.8,77
2021/11/29,0,1.6,72
2021/11/30,0.5,6.2,76
2021/12/1,12,2.9,67
2021/12/2,8.5,0,80
2021/12/3,3,3.3,82
2021/12/4,0.5,6.1,66
2021/12/5,0,3.5,61
2021/12/6,0,4.9,75
2021/12/7,0,1.4,74
2021/12/8,0,4.7,72
2021/12/9,0,8.2,67
2021/12/10,0,7.6,75
2021/12/11,0,0.6,78
2021/12/12,4,2.7,78
2021/12/13,4,6.4,65
2021/12/14,0,2,65
2021/12/15,0,0.4,74
2021/12/16,0,2.2,60
2021/12/17,40.5,0,93
2021/12/18,11.5,3,69
2021/12/19,0,4.5,72
2021/12/20,0,2.5,68
2021/12/21,3,2.9,85
2021/12/22,1.5,3.1,74
2021/12/23,13,4.1,70
2021/12/24,0,5.4,64
2021/12/25,0,5.8,61
2021/12/26,4,0.7,67
2021/12/27,2,3.9,68
2021/12/28,0,5.4,58
2021/12/29,0.5,4.7,75
2021/12/30,0.5,0.8,70
2021/12/31,0,6.4,53
2022/1/1,10.5,0,76
2022/1/2,0.5,3.2,78
2022/1/3,2.5,0.3,72
2022/1/4,4,0.4,68
2022/1/5,5.5,0.7,77
2022/1/6,0,6.9,76
2022/1/7,1,3.3,73
2022/1/8,1,3.8,81
2022/1/9,4,3,77
2022/1/10,0,4.6,75
2022/1/11,25,0,82
2022/1/12,22.5,0.1,87
2022/1/13,17.5,0.5,81
2022/1/14,16,0,84
2022/1/15,12.5,0.7,81
2022/1/16,0.5,1.8,82
2022/1/17,3.5,3.6,76
2022/1/18,1,5.1,70
2022/1/19,0,8.5,64
2022/1/20,0,5.5,57
2022/1/21,3,1.6,81
2022/1/22,14,0,89
2022/1/23,0,8.2,72
2022/1/24,0.5,0.8,78
2022/1/25,4,4.8,79
2022/1/26,0,0,79
2022/1/27,2,2.7,79
2022/1/28,3.5,4.9,74
2022/1/29,2,1.7,69
2022/1/30,1,8.1,52
2022/1/31,12.5,0.2,81
2022/2/1,0.5,4.1,66
2022/2/2,1,4,66
2022/2/3,0,8,67
2022/2/4,0,3.9,66
2022/2/5,17.5,5.9,76
2022/2/6,22,2,78
2022/2/7,0,5.6,63
2022/2/8,0,1.6,71
2022/2/9,1,4.1,62
2022/2/10,0,8,69
2022/2/11,0,9.2,68
2022/2/12,0,7.5,74
2022/2/13,1,7.1,67
2022/2/14,0.5,5.1,72
2022/2/15,0.5,3.9,76
2022/2/16,3,4.9,78
2022/2/17,1.5,5.4,75
2022/2/18,2,2.5,71
2022/2/19,1,5,69
2022/2/20,9,1.6,78
2022/2/21,21,0,80
2022/2/22,19.5,0.5,82
2022/2/23,7,2.2,77
2022/2/24,0,4.2,64
2022/2/25,0,1.8,68
2022/2/26,0,7,59
2022/2/27,0.5,1.7,74
2022/2/28,3.5,3.9,67
2022/3/1,2.5,0,77
2022/3/2,0,3.6,63
2022/3/3,4,0.1,74
2022/3/4,0,6.6,55
2022/3/5,4.5,0.9,72
2022/3/6,0.5,8.6,68
2022/3/7,0,1.1,66
2022/3/8,1,1.7,69
2022/3/9,0,8.6,63
2022/3/10,0,10.8,60
2022/3/11,0.5,0.9,71
2022/3/12,5,4.7,72
2022/3/13,0,6.7,63
2022/3/14,0,7.2,71
2022/3/15,14.5,0,91
2022/3/16,0,0.6,85
2022/3/17,6.5,1.3,85
2022/3/18,0,7.5,69
2022/3/19,2,0.1,75
2022/3/20,3,0.5,71
2022/3/21,1.5,4.9,63
2022/3/22,1,3,78
2022/3/23,0,6.2,65
2022/3/24,0,3.8,67
2022/3/25,0,6.1,66
2022/3/26,5.5,0.1,81
2022/3/27,1,7.9,59
2022/3/28,1.5,3.7,57
2022/3/29,0,11.5,46
2022/3/30,0,4.9,69
2022/3/31,0,8.3,61
2022/4/1,1,5.4,63
2022/4/2,0,9.5,41
2022/4/3,0,11.5,46
2022/4/4,0,11.8,36
2022/4/5,0,11.8,56
2022/4/6,1,3,66
2022/4/7,0,8.8,41
2022/4/8,1,6.6,60
2022/4/9,0,9.3,63
2022/4/10,0.5,3.1,75
2022/4/11,0,10,72
2022/4/12,0.5,6,75
2022/4/13,1.5,1.1,79
2022/4/14,0,10.9,59
2022/4/15,0,7.7,58
2022/4/16,0,12.4,55
2022/4/17,0,4,55
2022/4/18,4,0.8,74
2022/4/19,0,12.2,53
2022/4/20,0,12.2,42
2022/4/21,0,12.3,42
2022/4/22,5,4.1,64
2022/4/23,0.5,5.7,56
2022/4/24,0,10.8,51
2022/4/25,0,10.9,54
2022/4/26,0,2,66
2022/4/27,0,9.6,54
2022/4/28,0,11.7,35
2022/4/29,0,4.5,45
2022/4/30,0,13.3,43
2022/5/1,0.5,0.4,67
2022/5/2,0,6.3,63
2022/5/3,0,3.7,62
2022/5/4,3.5,3.8,73
2022/5/5,0,12.7,63
2022/5/6,0,12,44
2022/5/7,1.5,3.1,65
2022/5/8,0,9.6,51
2022/5/9,0,13.4,33
2022/5/10,0,13.4,41
2022/5/11,0,13.2,41
2022/5/12,0,6.8,67
2022/5/13,3,0.5,77
2022/5/14,0,5.4,73
2022/5/15,0,6.5,58
2022/5/16,0,13.6,48
2022/5/17,0,9,46
2022/5/18,0,13.1,50
2022/5/19,0,3.3,65
2022/5/20,0,5.7,65
2022/5/21,0,9.7,54
2022/5/22,1.5,6.3,64
2022/5/23,0,6.7,84
2022/5/24,0.5,5,84
2022/5/25,0,13.1,53
2022/5/26,0,10.5,58
2022/5/27,24,0,87
2022/5/28,8.5,0.3,88
2022/5/29,7,3.1,84
2022/5/30,0,13.8,64
2022/5/31,16.5,0.1,81
2022/6/1,5,0.3,86
2022/6/2,0,1.2,78
2022/6/3,0,6.5,78
2022/6/4,0,7.6,73
2022/6/5,0,13.1,66
2022/6/6,0,9.8,61
2022/6/7,0,13.5,58
2022/6/8,0,9.8,69
2022/6/9,0,5.9,69
2022/6/10,0,12.6,65
2022/6/11,1,3.6,82
2022/6/12,0,9.9,77
2022/6/13,0,9.7,75
2022/6/14,0,12.2,76
2022/6/15,0.5,7.6,72
2022/6/16,7.5,0.3,91
2022/6/17,0.5,0,93
2022/6/18,0,7,73
2022/6/19,8,2,77
2022/6/20,0,7.3,79
2022/6/21,0,9.2,78
2022/6/22,0,6.7,70
2022/6/23,3.5,0,83
2022/6/24,15.5,0.1,89
